{"stats":{"minecraft:crafted":{"minecraft:purple_wool":3,"minecraft:oak_planks":68,"minecraft:purple_bed":1,"minecraft:furnace":4,"minecraft:nether_brick":128,"minecraft:bookshelf":17,"minecraft:cooked_mutton":13,"minecraft:flint_and_steel":1,"minecraft:iron_boots":1,"minecraft:iron_axe":2,"minecraft:stone_pickaxe":2,"minecraft:cooked_beef":12,"minecraft:red_dye":2,"minecraft:crafting_table":2,"minecraft:spruce_planks":124,"minecraft:wooden_pickaxe":1,"minecraft:iron_sword":2,"minecraft:nether_bricks":32,"minecraft:bucket":1,"minecraft:stone_axe":1,"minecraft:air":0,"minecraft:blue_dye":2,"minecraft:oak_boat":1,"minecraft:iron_chestplate":1,"minecraft:purple_dye":4,"minecraft:shield":2,"minecraft:stick":24,"minecraft:iron_ingot":11,"minecraft:iron_pickaxe":2,"minecraft:gold_ingot":9,"minecraft:iron_leggings":1,"minecraft:light_gray_dye":1,"minecraft:white_bed":7,"minecraft:torch":36,"minecraft:shears":1},"minecraft:dropped":{"minecraft:water_bucket":1,"minecraft:bread":2,"minecraft:iron_sword":2,"minecraft:porkchop":3,"minecraft:wheat_seeds":73,"minecraft:lilac":1,"minecraft:glow_ink_sac":5,"minecraft:ender_pearl":3,"minecraft:oak_fence":3,"minecraft:feather":6,"minecraft:grass_block":2,"minecraft:coal":74,"minecraft:oxeye_daisy":1,"minecraft:dirt":7,"minecraft:mutton":1,"minecraft:iron_axe":1,"minecraft:iron_pickaxe":1,"minecraft:string":2,"minecraft:spruce_sapling":12,"minecraft:dandelion":12,"minecraft:gravel":2,"minecraft:stone_axe":1,"minecraft:sweet_berries":8,"minecraft:stone_sword":2,"minecraft:raw_copper":3,"minecraft:yellow_wool":1,"minecraft:wheat":30,"minecraft:beetroot":6,"minecraft:rotten_flesh":26,"minecraft:light_gray_wool":3,"minecraft:azure_bluet":3,"minecraft:salmon":2,"minecraft:carrot":17,"minecraft:poppy":9,"minecraft:potato":23,"minecraft:shield":1,"minecraft:beetroot_seeds":17,"minecraft:spider_eye":1,"minecraft:light_gray_dye":1,"minecraft:arrow":4,"minecraft:bow":3,"minecraft:wooden_pickaxe":3,"minecraft:stone_pickaxe":1,"minecraft:black_wool":1},"minecraft:picked_up":{"minecraft:crafting_table":6,"minecraft:azure_bluet":5,"minecraft:wheat":21,"minecraft:nether_brick_fence":2,"minecraft:yellow_wool":1,"minecraft:cornflower":2,"minecraft:blackstone":1,"minecraft:beetroot":7,"minecraft:gold_nugget":85,"minecraft:cobbled_deepslate":42,"minecraft:beef":29,"minecraft:oak_boat":5,"minecraft:light_gray_wool":1,"minecraft:poppy":8,"minecraft:sugar_cane":162,"minecraft:chest":1,"minecraft:furnace":2,"minecraft:egg":3,"minecraft:stick":8,"minecraft:raw_iron":53,"minecraft:composter":1,"minecraft:torch":2,"minecraft:fire_charge":1,"minecraft:porkchop":3,"minecraft:diorite":6,"minecraft:carrot":19,"minecraft:redstone":53,"minecraft:stone_sword":1,"minecraft:arrow":6,"minecraft:rotten_flesh":13,"minecraft:beetroot_seeds":18,"minecraft:nether_bricks":6,"minecraft:gold_ingot":2,"minecraft:blaze_rod":8,"minecraft:mutton":14,"minecraft:white_wool":22,"minecraft:cobblestone":172,"minecraft:oxeye_daisy":3,"minecraft:enchanting_table":1,"minecraft:magma_cream":1,"minecraft:basalt":54,"minecraft:cooked_beef":20,"minecraft:water_bucket":1,"minecraft:glow_ink_sac":2,"minecraft:salmon":1,"minecraft:leather":24,"minecraft:potato":24,"minecraft:flint":1,"minecraft:oak_log":62,"minecraft:yellow_bed":1,"minecraft:golden_boots":1,"minecraft:lapis_lazuli":173,"minecraft:dirt":21,"minecraft:cooked_mutton":9,"minecraft:bone":13,"minecraft:apple":3,"minecraft:bow":1,"minecraft:wheat_seeds":76,"minecraft:raw_gold":69,"minecraft:iron_ingot":38,"minecraft:cooked_chicken":5,"minecraft:iron_sword":1,"minecraft:oak_planks":7,"minecraft:book":6,"minecraft:sweet_berries":8,"minecraft:quartz":32,"minecraft:dandelion":10,"minecraft:gravel":22,"minecraft:spruce_sapling":12,"minecraft:grass_block":4,"minecraft:white_bed":6,"minecraft:spruce_log":31,"minecraft:diamond":10,"minecraft:iron_helmet":1,"minecraft:granite":13,"minecraft:netherrack":196,"minecraft:oak_sapling":5,"minecraft:coal":175,"minecraft:ender_pearl":3},"minecraft:used":{"minecraft:beetroot":1,"minecraft:nether_brick_fence":2,"minecraft:stone_sword":30,"minecraft:enchanting_table":1,"minecraft:flint_and_steel":28,"minecraft:poppy":1,"minecraft:shield":45,"minecraft:iron_sword":287,"minecraft:cooked_chicken":1,"minecraft:netherrack":68,"minecraft:torch":16,"minecraft:dirt":15,"minecraft:nether_bricks":6,"minecraft:carrot":15,"minecraft:granite":13,"minecraft:azure_bluet":2,"minecraft:bookshelf":17,"minecraft:iron_axe":169,"minecraft:iron_helmet":1,"minecraft:iron_boots":6,"minecraft:basalt":33,"minecraft:oak_sapling":5,"minecraft:furnace":6,"minecraft:beetroot_seeds":2,"minecraft:egg":1,"minecraft:potato":11,"minecraft:cooked_beef":30,"minecraft:cobbled_deepslate":42,"minecraft:golden_boots":7,"minecraft:cooked_mutton":10,"minecraft:wheat_seeds":36,"minecraft:water_bucket":6,"minecraft:diorite":6,"minecraft:stone_pickaxe":163,"minecraft:oak_planks":7,"minecraft:blackstone":1,"minecraft:wooden_pickaxe":17,"minecraft:composter":1,"minecraft:sugar_cane":65,"minecraft:crafting_table":7,"minecraft:white_bed":13,"minecraft:shears":6,"minecraft:oxeye_daisy":1,"minecraft:iron_pickaxe":687,"minecraft:gravel":4,"minecraft:stone_axe":118,"minecraft:purple_bed":1,"minecraft:cobblestone":80,"minecraft:bucket":7,"minecraft:yellow_bed":1,"minecraft:oak_boat":5,"minecraft:dandelion":1},"minecraft:killed":{"minecraft:spider":1,"minecraft:skeleton":9,"minecraft:chicken":1,"minecraft:drowned":1,"minecraft:magma_cube":7,"minecraft:piglin":1,"minecraft:pig":1,"minecraft:iron_golem":9,"minecraft:sheep":18,"minecraft:zombie":13,"minecraft:wither_skeleton":3,"minecraft:blaze":14,"minecraft:cow":20,"minecraft:enderman":4},"minecraft:broken":{"minecraft:stone_axe":1},"minecraft:mined":{"minecraft:nether_gold_ore":22,"minecraft:white_bed":6,"minecraft:deepslate_diamond_ore":10,"minecraft:nether_bricks":6,"minecraft:granite":13,"minecraft:grass_block":6,"minecraft:spruce_leaves":40,"minecraft:composter":1,"minecraft:oxeye_daisy":2,"minecraft:weeping_vines_plant":1,"minecraft:furnace":2,"minecraft:carrots":7,"minecraft:iron_ore":12,"minecraft:fire":37,"minecraft:deepslate_lapis_ore":19,"minecraft:azure_bluet":2,"minecraft:enchanting_table":1,"minecraft:nether_brick_fence":2,"minecraft:potatoes":6,"minecraft:dirt_path":3,"minecraft:bookshelf":2,"minecraft:deepslate_iron_ore":40,"minecraft:stone":138,"minecraft:white_wool":5,"minecraft:deepslate_redstone_ore":11,"minecraft:blackstone":1,"minecraft:basalt":54,"minecraft:dandelion":1,"minecraft:crafting_table":6,"minecraft:cornflower":2,"minecraft:torch":1,"minecraft:poppy":2,"minecraft:chest":1,"minecraft:nether_quartz_ore":32,"minecraft:tall_grass":16,"minecraft:cobblestone":34,"minecraft:lapis_ore":6,"minecraft:deepslate_gold_ore":68,"minecraft:sugar_cane":99,"minecraft:oak_planks":7,"minecraft:diorite":6,"minecraft:yellow_wool":3,"minecraft:wheat":24,"minecraft:sweet_berry_bush":4,"minecraft:spruce_log":31,"minecraft:birch_leaves":3,"minecraft:yellow_bed":1,"minecraft:grass":81,"minecraft:oak_log":62,"minecraft:coal_ore":133,"minecraft:beetroots":6,"minecraft:gravel":7,"minecraft:dirt":12,"minecraft:netherrack":196,"minecraft:gold_ore":1,"minecraft:oak_leaves":38,"minecraft:deepslate":41},"minecraft:custom":{"minecraft:interact_with_anvil":2,"minecraft:mob_kills":110,"minecraft:interact_with_crafting_table":31,"minecraft:leave_game":3,"minecraft:time_since_death":206953,"minecraft:sprint_one_cm":523687,"minecraft:walk_one_cm":159418,"minecraft:damage_blocked_by_shield":2625,"minecraft:drop":80,"minecraft:talked_to_villager":13,"minecraft:play_time":208880,"minecraft:sneak_time":19662,"minecraft:deaths":1,"minecraft:walk_under_water_one_cm":4185,"minecraft:boat_one_cm":28459,"minecraft:jump":3719,"minecraft:interact_with_blast_furnace":7,"minecraft:walk_on_water_one_cm":34145,"minecraft:enchant_item":9,"minecraft:total_world_time":208880,"minecraft:interact_with_furnace":32,"minecraft:interact_with_grindstone":1,"minecraft:sleep_in_bed":13,"minecraft:time_since_rest":1835,"minecraft:damage_taken":2817,"minecraft:damage_dealt":23276,"minecraft:swim_one_cm":43299,"minecraft:fly_one_cm":669433,"minecraft:open_chest":97,"minecraft:crouch_one_cm":39277,"minecraft:interact_with_smoker":10,"minecraft:fall_one_cm":85792}},"DataVersion":3465}