{"stats":{"minecraft:broken":{"minecraft:stone_axe":1,"minecraft:flint_and_steel":2,"minecraft:iron_axe":1},"minecraft:custom":{"minecraft:interact_with_crafting_table":83,"minecraft:open_shulker_box":5,"minecraft:bell_ring":5,"minecraft:leave_game":50,"minecraft:time_since_death":397131,"minecraft:sprint_one_cm":2991248,"minecraft:damage_blocked_by_shield":2995,"minecraft:drop":769,"minecraft:talked_to_villager":2921,"minecraft:play_time":1352605,"minecraft:deaths":2,"minecraft:jump":20216,"minecraft:interact_with_brewingstand":1,"minecraft:walk_on_water_one_cm":95175,"minecraft:enchant_item":35,"minecraft:interact_with_furnace":62,"minecraft:traded_with_villager":2007,"minecraft:sleep_in_bed":57,"minecraft:open_enderchest":4,"minecraft:damage_dealt":116711,"minecraft:crouch_one_cm":273917,"minecraft:interact_with_smoker":14,"minecraft:interact_with_smithing_table":2,"minecraft:horse_one_cm":75076,"minecraft:interact_with_anvil":42,"minecraft:mob_kills":1787,"minecraft:climb_one_cm":21496,"minecraft:walk_one_cm":1253144,"minecraft:sneak_time":114300,"minecraft:walk_under_water_one_cm":43562,"minecraft:boat_one_cm":110033,"minecraft:interact_with_blast_furnace":35,"minecraft:total_world_time":1352605,"minecraft:interact_with_grindstone":16,"minecraft:interact_with_stonecutter":2,"minecraft:time_since_rest":37543,"minecraft:damage_taken":13077,"minecraft:swim_one_cm":133256,"minecraft:fly_one_cm":4060929,"minecraft:open_chest":725,"minecraft:aviate_one_cm":5135492,"minecraft:fall_one_cm":537510},"minecraft:mined":{"minecraft:dragon_wall_head":1,"minecraft:spruce_planks":9,"minecraft:white_bed":12,"minecraft:farmland":10,"minecraft:cobblestone_stairs":45,"minecraft:brewing_stand":3,"minecraft:obsidian":2,"minecraft:granite":64,"minecraft:grass_block":680,"minecraft:deepslate_bricks":20,"minecraft:purpur_slab":1,"minecraft:composter":7,"minecraft:oxeye_daisy":3,"minecraft:oak_wall_sign":1,"minecraft:nether_wart":254,"minecraft:spawner":2,"minecraft:weeping_vines_plant":1,"minecraft:tall_seagrass":2,"minecraft:magma_block":2,"minecraft:iron_ore":167,"minecraft:fire":67,"minecraft:cobbled_deepslate":6,"minecraft:deepslate_lapis_ore":34,"minecraft:fletching_table":1,"minecraft:azure_bluet":2,"minecraft:enchanting_table":3,"minecraft:dirt_path":14,"minecraft:oak_stairs":18,"minecraft:iron_bars":3,"minecraft:end_stone_bricks":1,"minecraft:spruce_slab":34,"minecraft:deepslate_redstone_ore":77,"minecraft:blackstone":2,"minecraft:smoker":4,"minecraft:soul_fire":3,"minecraft:purpur_stairs":1,"minecraft:torch":10,"minecraft:blast_furnace":5,"minecraft:poppy":2,"minecraft:chest":7,"minecraft:white_stained_glass_pane":10,"minecraft:glass":17,"minecraft:nether_quartz_ore":46,"minecraft:cobblestone":966,"minecraft:damaged_anvil":2,"minecraft:oak_planks":40,"minecraft:sugar_cane":780,"minecraft:grindstone":2,"minecraft:iron_door":2,"minecraft:wall_torch":8,"minecraft:pink_petals":1,"minecraft:white_terracotta":31,"minecraft:nether_wart_block":1,"minecraft:yellow_wool":3,"minecraft:wheat":130,"minecraft:purpur_block":1,"minecraft:smooth_stone_slab":15,"minecraft:yellow_stained_glass_pane":10,"minecraft:grass":181,"minecraft:oak_log":156,"minecraft:beetroots":6,"minecraft:dirt":385,"minecraft:netherrack":217,"minecraft:oak_leaves":39,"minecraft:deepslate":558,"minecraft:nether_gold_ore":47,"minecraft:tuff":26,"minecraft:mossy_cobblestone":110,"minecraft:deepslate_diamond_ore":20,"minecraft:nether_brick_wall":1,"minecraft:oak_door":4,"minecraft:end_stone":95,"minecraft:nether_bricks":43,"minecraft:white_stained_glass":6,"minecraft:spruce_leaves":222,"minecraft:redstone_ore":11,"minecraft:oak_trapdoor":18,"minecraft:furnace":2,"minecraft:carrots":71,"minecraft:andesite":38,"minecraft:stripped_spruce_log":2,"minecraft:bell":1,"minecraft:nether_brick_fence":2,"minecraft:bookshelf":57,"minecraft:potatoes":32,"minecraft:cobblestone_slab":5,"minecraft:deepslate_iron_ore":223,"minecraft:vine":21,"minecraft:lantern":1,"minecraft:stripped_oak_log":19,"minecraft:stone":829,"minecraft:bone_block":157,"minecraft:white_wool":5,"minecraft:ender_chest":2,"minecraft:smithing_table":1,"minecraft:oak_slab":6,"minecraft:glass_pane":53,"minecraft:soul_sand":341,"minecraft:magenta_stained_glass":3,"minecraft:basalt":54,"minecraft:dandelion":9,"minecraft:oak_fence":18,"minecraft:crafting_table":11,"minecraft:cornflower":2,"minecraft:emerald_ore":1,"minecraft:lectern":841,"minecraft:copper_ore":4,"minecraft:tall_grass":33,"minecraft:lapis_ore":21,"minecraft:deepslate_gold_ore":134,"minecraft:diorite":48,"minecraft:spruce_stairs":4,"minecraft:purple_bed":2,"minecraft:cobblestone_wall":2,"minecraft:sweet_berry_bush":4,"minecraft:birch_leaves":3,"minecraft:spruce_log":6523,"minecraft:yellow_bed":7,"minecraft:coal_ore":164,"minecraft:gravel":12,"minecraft:purple_shulker_box":1,"minecraft:stone_bricks":5,"minecraft:gold_ore":17},"minecraft:picked_up":{"minecraft:iron_chestplate":1,"minecraft:wheat":135,"minecraft:ender_chest":1,"minecraft:nether_brick_fence":2,"minecraft:suspicious_stew":16,"minecraft:yellow_wool":1,"minecraft:lead":1,"minecraft:smithing_table":1,"minecraft:diamond_sword":2,"minecraft:oak_stairs":3,"minecraft:enchanted_book":15,"minecraft:potion":1,"minecraft:purple_shulker_box":1,"minecraft:brewing_stand":3,"minecraft:string":26,"minecraft:cooked_salmon":7,"minecraft:smooth_stone_slab":14,"minecraft:oak_sign":1,"minecraft:beetroot":7,"minecraft:diamond_leggings":3,"minecraft:gold_nugget":331,"minecraft:cobbled_deepslate":566,"minecraft:spruce_planks":121,"minecraft:cobblestone_slab":4,"minecraft:netherite_upgrade_smithing_template":1,"minecraft:furnace":2,"minecraft:stick":414,"minecraft:composter":7,"minecraft:oak_fence":6,"minecraft:torch":63,"minecraft:spruce_stairs":4,"minecraft:porkchop":3,"minecraft:diorite":51,"minecraft:stone_sword":3,"minecraft:rotten_flesh":122,"minecraft:white_terracotta":2,"minecraft:blaze_rod":29,"minecraft:obsidian":10,"minecraft:iron_bars":13,"minecraft:cobblestone":1348,"minecraft:enchanting_table":3,"minecraft:pink_petals":4,"minecraft:magma_block":1,"minecraft:water_bucket":1,"minecraft:cooked_beef":20,"minecraft:magma_cream":1,"minecraft:iron_door":2,"minecraft:andesite":38,"minecraft:potato":112,"minecraft:smoker":4,"minecraft:flint":11,"minecraft:tuff":3,"minecraft:wither_skeleton_skull":1,"minecraft:lapis_lazuli":558,"minecraft:dirt":497,"minecraft:lantern":4,"minecraft:bone":110,"minecraft:bow":3,"minecraft:wheat_seeds":431,"minecraft:raw_gold":221,"minecraft:bell":1,"minecraft:grindstone":2,"minecraft:fletching_table":1,"minecraft:diamond_helmet":2,"minecraft:oak_planks":35,"minecraft:stripped_spruce_log":2,"minecraft:grass_block":603,"minecraft:mossy_cobblestone":181,"minecraft:diamond":22,"minecraft:spruce_boat":20,"minecraft:crossbow":2,"minecraft:granite":70,"minecraft:bone_meal":42,"minecraft:emerald":50,"minecraft:bread":48,"minecraft:oak_sapling":5,"minecraft:netherrack":217,"minecraft:diamond_pickaxe":4,"minecraft:end_stone_bricks":1,"minecraft:crafting_table":12,"minecraft:azure_bluet":5,"minecraft:ladder":11,"minecraft:nether_wart":1007,"minecraft:dragon_head":2,"minecraft:purpur_block":1,"minecraft:shield":2,"minecraft:cornflower":2,"minecraft:oak_trapdoor":18,"minecraft:elytra":2,"minecraft:flint_and_steel":8,"minecraft:white_stained_glass":5,"minecraft:iron_shovel":2,"minecraft:blackstone":2,"minecraft:glass_pane":1,"minecraft:beef":29,"minecraft:oak_boat":9,"minecraft:light_gray_wool":1,"minecraft:poppy":41,"minecraft:spruce_slab":35,"minecraft:lectern":841,"minecraft:sugar_cane":1485,"minecraft:chest":4,"minecraft:egg":7,"minecraft:phantom_membrane":1,"minecraft:raw_iron":580,"minecraft:end_stone":92,"minecraft:stone":345,"minecraft:oak_door":13,"minecraft:fire_charge":1,"minecraft:cookie":144,"minecraft:carrot":258,"minecraft:redstone":393,"minecraft:arrow":60,"minecraft:diamond_chestplate":2,"minecraft:beetroot_seeds":27,"minecraft:nether_bricks":43,"minecraft:deepslate_bricks":20,"minecraft:diamond_boots":2,"minecraft:purpur_slab":1,"minecraft:gold_ingot":2,"minecraft:nether_brick_wall":1,"minecraft:mutton":14,"minecraft:bone_block":195,"minecraft:white_wool":22,"minecraft:emerald_ore":1,"minecraft:oxeye_daisy":7,"minecraft:stripped_oak_log":6,"minecraft:basalt":54,"minecraft:golden_carrot":65,"minecraft:glow_ink_sac":2,"minecraft:salmon":13,"minecraft:leather":28,"minecraft:purpur_stairs":1,"minecraft:oak_log":141,"minecraft:chainmail_chestplate":7,"minecraft:ancient_debris":2,"minecraft:cobblestone_wall":1,"minecraft:golden_boots":1,"minecraft:yellow_bed":7,"minecraft:nether_wart_block":1,"minecraft:gunpowder":142,"minecraft:cobblestone_stairs":43,"minecraft:cooked_mutton":9,"minecraft:apple":6,"minecraft:stone_bricks":3,"minecraft:iron_ingot":251,"minecraft:cooked_chicken":5,"minecraft:iron_sword":1,"minecraft:soul_sand":471,"minecraft:book":191,"minecraft:oak_slab":5,"minecraft:sweet_berries":8,"minecraft:quartz":60,"minecraft:dandelion":18,"minecraft:gravel":77,"minecraft:spruce_sapling":551,"minecraft:blast_furnace":5,"minecraft:white_bed":16,"minecraft:spruce_log":6546,"minecraft:spider_eye":15,"minecraft:dragon_egg":1,"minecraft:firework_rocket":265,"minecraft:purple_bed":4,"minecraft:diamond_shovel":2,"minecraft:iron_helmet":1,"minecraft:diamond_axe":3,"minecraft:lodestone":1,"minecraft:baked_potato":3,"minecraft:damaged_anvil":2,"minecraft:coal":275,"minecraft:shulker_shell":17,"minecraft:ender_pearl":2058},"minecraft:killed_by":{"minecraft:player":1},"minecraft:used":{"minecraft:beetroot":1,"minecraft:oak_sign":10,"minecraft:elytra":59,"minecraft:iron_shovel":125,"minecraft:nether_brick_fence":2,"minecraft:spruce_slab":39,"minecraft:ladder":2,"minecraft:poppy":6,"minecraft:bone_block":2,"minecraft:shield":59,"minecraft:chest":4,"minecraft:nether_wart":542,"minecraft:stone":7,"minecraft:iron_sword":390,"minecraft:purple_shulker_box":1,"minecraft:soul_sand":329,"minecraft:nether_bricks":51,"minecraft:carrot":82,"minecraft:tuff":3,"minecraft:azure_bluet":2,"minecraft:glass":17,"minecraft:spruce_boat":20,"minecraft:lava_bucket":11,"minecraft:grass_block":511,"minecraft:lantern":17,"minecraft:iron_helmet":1,"minecraft:stone_bricks":21,"minecraft:magma_block":1,"minecraft:oak_sapling":5,"minecraft:furnace":6,"minecraft:beetroot_seeds":2,"minecraft:egg":3,"minecraft:potato":37,"minecraft:golden_boots":7,"minecraft:damaged_anvil":2,"minecraft:diorite":51,"minecraft:diamond_boots":1,"minecraft:stone_pickaxe":163,"minecraft:oak_planks":9,"minecraft:blackstone":2,"minecraft:ender_pearl":39,"minecraft:wooden_pickaxe":17,"minecraft:composter":6,"minecraft:sugar_cane":71,"minecraft:diamond_axe":7532,"minecraft:cookie":144,"minecraft:blast_furnace":5,"minecraft:crossbow":13,"minecraft:end_stone":53,"minecraft:shears":6,"minecraft:firework_rocket":145,"minecraft:lectern":846,"minecraft:iron_door":1,"minecraft:gravel":54,"minecraft:diamond_sword":1400,"minecraft:nether_wart_block":1,"minecraft:pufferfish_bucket":3,"minecraft:grindstone":2,"minecraft:smithing_table":1,"minecraft:white_stained_glass":81,"minecraft:andesite":33,"minecraft:smooth_stone_slab":74,"minecraft:oak_trapdoor":14,"minecraft:oak_boat":9,"minecraft:bone_meal":456,"minecraft:experience_bottle":12,"minecraft:iron_bars":2,"minecraft:enchanting_table":3,"minecraft:stone_sword":30,"minecraft:flint_and_steel":181,"minecraft:spruce_planks":41,"minecraft:cooked_salmon":1,"minecraft:cooked_chicken":2,"minecraft:netherrack":87,"minecraft:torch":50,"minecraft:dirt":478,"minecraft:brewing_stand":2,"minecraft:anvil":3,"minecraft:hopper":9,"minecraft:spruce_stairs":18,"minecraft:cobblestone_wall":1,"minecraft:diamond_helmet":1,"minecraft:granite":27,"minecraft:bookshelf":56,"minecraft:iron_axe":409,"minecraft:iron_boots":6,"minecraft:diamond_chestplate":56,"minecraft:basalt":33,"minecraft:golden_carrot":161,"minecraft:cooked_beef":32,"minecraft:cobbled_deepslate":213,"minecraft:wheat_seeds":142,"minecraft:cooked_mutton":22,"minecraft:iron_ore":18,"minecraft:water_bucket":26,"minecraft:nether_brick_wall":7,"minecraft:cobblestone_stairs":6,"minecraft:fletching_table":3,"minecraft:cobblestone_slab":314,"minecraft:deepslate_bricks":54,"minecraft:vine":1,"minecraft:crafting_table":10,"minecraft:spider_eye":1,"minecraft:white_bed":20,"minecraft:spruce_log":70,"minecraft:smoker":3,"minecraft:diamond_pickaxe":3711,"minecraft:oxeye_daisy":1,"minecraft:diamond_shovel":1205,"minecraft:iron_pickaxe":719,"minecraft:suspicious_stew":2,"minecraft:spruce_sapling":315,"minecraft:stone_axe":118,"minecraft:pink_petals":3,"minecraft:cobblestone":363,"minecraft:purple_bed":5,"minecraft:bucket":42,"minecraft:yellow_bed":13,"minecraft:dandelion":1,"minecraft:diamond_leggings":2},"minecraft:killed":{"minecraft:spider":21,"minecraft:shulker":24,"minecraft:skeleton":41,"minecraft:chicken":1,"minecraft:magma_cube":7,"minecraft:piglin":1,"minecraft:pig":1,"minecraft:salmon":14,"minecraft:iron_golem":46,"minecraft:creeper":44,"minecraft:sheep":18,"minecraft:zombie":81,"minecraft:blaze":19,"minecraft:cow":20,"minecraft:phantom":1,"minecraft:drowned":2,"minecraft:wither_skeleton":14,"minecraft:enderman":1377},"minecraft:dropped":{"minecraft:iron_sword":2,"minecraft:porkchop":8,"minecraft:diamond_axe":3,"minecraft:oak_log":1,"minecraft:baked_potato":2,"minecraft:glow_ink_sac":5,"minecraft:emerald_ore":1,"minecraft:ender_pearl":3404,"minecraft:crafting_table":2,"minecraft:crossbow":2,"minecraft:netherite_upgrade_smithing_template":1,"minecraft:cookie":144,"minecraft:cracked_stone_bricks":1,"minecraft:purpur_stairs":1,"minecraft:elytra":1,"minecraft:red_mushroom":1,"minecraft:cobblestone_stairs":15,"minecraft:emerald":198,"minecraft:cracked_polished_blackstone_bricks":2,"minecraft:dirt":15,"minecraft:grass":1,"minecraft:polished_blackstone_brick_stairs":1,"minecraft:mutton":1,"minecraft:gold_nugget":198,"minecraft:bone_meal":2,"minecraft:bone_block":153,"minecraft:polished_blackstone_bricks":1,"minecraft:iron_pickaxe":2,"minecraft:bone":10,"minecraft:oak_door":10,"minecraft:gravel":29,"minecraft:stone_axe":13,"minecraft:purpur_block":1,"minecraft:compass":4,"minecraft:sugar_cane":5,"minecraft:ancient_debris":2,"minecraft:iron_nugget":25,"minecraft:cobbled_deepslate":19,"minecraft:wheat":144,"minecraft:yellow_wool":1,"minecraft:beetroot":6,"minecraft:rotten_flesh":139,"minecraft:oak_planks":26,"minecraft:diamond_shovel":2,"minecraft:end_stone":1,"minecraft:blaze_powder":1,"minecraft:azure_bluet":3,"minecraft:white_bed":4,"minecraft:salmon":2,"minecraft:carrot":87,"minecraft:chainmail_chestplate":14,"minecraft:poppy":36,"minecraft:gunpowder":1,"minecraft:beetroot_seeds":17,"minecraft:spruce_slab":7,"minecraft:iron_bars":2,"minecraft:arrow":75,"minecraft:end_stone_bricks":1,"minecraft:campfire":13,"minecraft:quartz":4,"minecraft:netherrack":2,"minecraft:egg":4,"minecraft:firework_rocket":327,"minecraft:water_bucket":1,"minecraft:enchanted_book":13,"minecraft:golden_boots":1,"minecraft:iron_ingot":26,"minecraft:bread":210,"minecraft:oak_slab":5,"minecraft:wheat_seeds":370,"minecraft:clock":14,"minecraft:lilac":1,"minecraft:mossy_cobblestone":101,"minecraft:diamond_leggings":3,"minecraft:oak_fence":11,"minecraft:feather":6,"minecraft:iron_helmet":1,"minecraft:cobblestone":28,"minecraft:apple":3,"minecraft:granite":23,"minecraft:purple_dye":1,"minecraft:spruce_stairs":2,"minecraft:grass_block":4,"minecraft:coal":74,"minecraft:stick":73,"minecraft:oxeye_daisy":5,"minecraft:golden_carrot":5,"minecraft:torch":17,"minecraft:lodestone":1,"minecraft:nether_wart_block":4,"minecraft:iron_door":1,"minecraft:cooked_salmon":3,"minecraft:diamond_helmet":1,"minecraft:iron_leggings":1,"minecraft:oak_stairs":3,"minecraft:iron_axe":1,"minecraft:iron_shovel":2,"minecraft:paper":13,"minecraft:string":32,"minecraft:pink_petals":2,"minecraft:spruce_sapling":16,"minecraft:dandelion":15,"minecraft:sweet_berries":8,"minecraft:oak_trapdoor":1,"minecraft:ender_chest":1,"minecraft:stone_sword":4,"minecraft:blaze_rod":3,"minecraft:raw_copper":3,"minecraft:bowl":2,"minecraft:raw_iron":3,"minecraft:wither_skeleton_skull":1,"minecraft:light_gray_wool":3,"minecraft:iron_boots":1,"minecraft:stripped_oak_log":6,"minecraft:white_terracotta":2,"minecraft:nether_bricks":1,"minecraft:glass_pane":1,"minecraft:flint_and_steel":6,"minecraft:suspicious_stew":21,"minecraft:diamond_sword":2,"minecraft:cobblestone_slab":2,"minecraft:potato":85,"minecraft:stone":8,"minecraft:shield":1,"minecraft:diamond_chestplate":3,"minecraft:spruce_planks":55,"minecraft:diamond_pickaxe":3,"minecraft:dragon_egg":1,"minecraft:iron_chestplate":1,"minecraft:andesite":5,"minecraft:golden_sword":2,"minecraft:redstone_torch":1,"minecraft:stone_bricks":2,"minecraft:spider_eye":19,"minecraft:light_gray_dye":1,"minecraft:spruce_log":11,"minecraft:diamond_boots":1,"minecraft:bow":7,"minecraft:stone_pickaxe":2,"minecraft:wooden_pickaxe":3,"minecraft:magma_block":1,"minecraft:black_wool":1},"minecraft:crafted":{"minecraft:ender_chest":1,"minecraft:smooth_stone":80,"minecraft:oak_planks":576,"minecraft:cobblestone_slab":336,"minecraft:oak_sign":9,"minecraft:red_sand":4,"minecraft:purple_bed":1,"minecraft:blaze_powder":2,"minecraft:bookshelf":58,"minecraft:nether_brick":128,"minecraft:cooked_mutton":13,"minecraft:suspicious_stew":7,"minecraft:glass":192,"minecraft:hopper":9,"minecraft:nether_brick_wall":6,"minecraft:diamond_helmet":1,"minecraft:diamond_leggings":1,"minecraft:iron_boots":1,"minecraft:chest":12,"minecraft:ender_eye":1,"minecraft:stone_bricks":172,"minecraft:name_tag":3,"minecraft:arrow":80,"minecraft:emerald":1670,"minecraft:diamond_axe":2,"minecraft:crafting_table":6,"minecraft:spruce_planks":24956,"minecraft:wooden_pickaxe":1,"minecraft:chainmail_chestplate":7,"minecraft:clock":14,"minecraft:fletching_table":5,"minecraft:campfire":13,"minecraft:apple":48,"minecraft:lectern":2,"minecraft:iron_chestplate":1,"minecraft:paper":1212,"minecraft:diamond_pickaxe":2,"minecraft:yellow_dye":6,"minecraft:purple_dye":4,"minecraft:shield":2,"minecraft:stick":49773,"minecraft:iron_ingot":19,"minecraft:compass":4,"minecraft:iron_pickaxe":2,"minecraft:iron_block":9,"minecraft:gold_ingot":19,"minecraft:light_gray_dye":1,"minecraft:deepslate_bricks":56,"minecraft:shears":1,"minecraft:golden_carrot":207,"minecraft:purple_wool":3,"minecraft:cookie":8,"minecraft:smooth_stone_slab":114,"minecraft:experience_bottle":12,"minecraft:furnace":4,"minecraft:pufferfish_bucket":1,"minecraft:yellow_bed":6,"minecraft:bone_meal":489,"minecraft:vine":1,"minecraft:oak_trapdoor":2,"minecraft:flint_and_steel":2,"minecraft:lantern":36,"minecraft:spruce_stairs":16,"minecraft:polished_deepslate":56,"minecraft:iron_axe":2,"minecraft:spruce_slab":18,"minecraft:ender_pearl":2,"minecraft:stone_pickaxe":2,"minecraft:diamond_boots":1,"minecraft:spruce_boat":2,"minecraft:redstone_block":43,"minecraft:cooked_beef":12,"minecraft:red_dye":2,"minecraft:crossbow":1,"minecraft:diamond_sword":1,"minecraft:iron_sword":2,"minecraft:nether_bricks":32,"minecraft:bucket":2,"minecraft:stone_axe":13,"minecraft:white_stained_glass":168,"minecraft:enchanted_book":53,"minecraft:bread":156,"minecraft:air":0,"minecraft:blue_dye":2,"minecraft:oak_boat":1,"minecraft:white_dye":63,"minecraft:iron_shovel":1,"minecraft:iron_leggings":1,"minecraft:anvil":3,"minecraft:white_bed":13,"minecraft:nether_wart_block":4,"minecraft:torch":36,"minecraft:diamond_chestplate":2,"minecraft:firework_rocket":270}},"DataVersion":3465}