{"stats":{"minecraft:crafted":{"minecraft:oak_planks":384,"minecraft:cobblestone_slab":336,"minecraft:purple_bed":1,"minecraft:bookshelf":56,"minecraft:nether_brick":128,"minecraft:cooked_mutton":13,"minecraft:suspicious_stew":7,"minecraft:glass":144,"minecraft:nether_brick_wall":6,"minecraft:diamond_helmet":1,"minecraft:diamond_leggings":1,"minecraft:iron_boots":1,"minecraft:chest":1,"minecraft:name_tag":3,"minecraft:emerald":1550,"minecraft:arrow":80,"minecraft:diamond_axe":2,"minecraft:crafting_table":5,"minecraft:spruce_planks":23224,"minecraft:wooden_pickaxe":1,"minecraft:chainmail_chestplate":7,"minecraft:clock":14,"minecraft:fletching_table":5,"minecraft:apple":48,"minecraft:iron_chestplate":1,"minecraft:paper":1068,"minecraft:diamond_pickaxe":2,"minecraft:purple_dye":4,"minecraft:yellow_dye":6,"minecraft:shield":2,"minecraft:stick":46277,"minecraft:iron_ingot":19,"minecraft:compass":4,"minecraft:iron_pickaxe":2,"minecraft:iron_block":6,"minecraft:gold_ingot":19,"minecraft:light_gray_dye":1,"minecraft:deepslate_bricks":56,"minecraft:shears":1,"minecraft:golden_carrot":171,"minecraft:purple_wool":3,"minecraft:cookie":8,"minecraft:experience_bottle":12,"minecraft:furnace":4,"minecraft:yellow_bed":6,"minecraft:bone_meal":393,"minecraft:vine":1,"minecraft:flint_and_steel":1,"minecraft:oak_trapdoor":2,"minecraft:lantern":36,"minecraft:spruce_stairs":16,"minecraft:polished_deepslate":56,"minecraft:iron_axe":2,"minecraft:ender_pearl":2,"minecraft:stone_pickaxe":2,"minecraft:diamond_boots":1,"minecraft:spruce_boat":2,"minecraft:redstone_block":43,"minecraft:cooked_beef":12,"minecraft:red_dye":2,"minecraft:crossbow":1,"minecraft:diamond_sword":1,"minecraft:iron_sword":2,"minecraft:nether_bricks":32,"minecraft:bucket":1,"minecraft:stone_axe":13,"minecraft:enchanted_book":50,"minecraft:bread":60,"minecraft:air":0,"minecraft:blue_dye":2,"minecraft:oak_boat":1,"minecraft:iron_shovel":1,"minecraft:iron_leggings":1,"minecraft:anvil":2,"minecraft:white_bed":11,"minecraft:torch":36,"minecraft:diamond_chestplate":2,"minecraft:firework_rocket":270},"minecraft:killed_by":{"minecraft:player":1},"minecraft:dropped":{"minecraft:iron_sword":2,"minecraft:porkchop":8,"minecraft:diamond_axe":3,"minecraft:oak_log":1,"minecraft:baked_potato":2,"minecraft:glow_ink_sac":5,"minecraft:ender_pearl":3,"minecraft:crafting_table":2,"minecraft:crossbow":2,"minecraft:cookie":144,"minecraft:cracked_stone_bricks":1,"minecraft:purpur_stairs":1,"minecraft:elytra":1,"minecraft:cobblestone_stairs":5,"minecraft:emerald":198,"minecraft:dirt":15,"minecraft:grass":1,"minecraft:mutton":1,"minecraft:gold_nugget":198,"minecraft:bone_meal":2,"minecraft:bone_block":153,"minecraft:iron_pickaxe":2,"minecraft:bone":6,"minecraft:oak_door":7,"minecraft:gravel":29,"minecraft:compass":4,"minecraft:stone_axe":13,"minecraft:purpur_block":1,"minecraft:sugar_cane":3,"minecraft:iron_nugget":25,"minecraft:cobbled_deepslate":19,"minecraft:wheat":118,"minecraft:yellow_wool":1,"minecraft:beetroot":6,"minecraft:rotten_flesh":79,"minecraft:oak_planks":14,"minecraft:diamond_shovel":2,"minecraft:end_stone":1,"minecraft:blaze_powder":1,"minecraft:azure_bluet":3,"minecraft:white_bed":4,"minecraft:salmon":2,"minecraft:carrot":86,"minecraft:chainmail_chestplate":14,"minecraft:poppy":30,"minecraft:gunpowder":1,"minecraft:beetroot_seeds":17,"minecraft:arrow":56,"minecraft:end_stone_bricks":1,"minecraft:quartz":4,"minecraft:netherrack":2,"minecraft:firework_rocket":318,"minecraft:egg":4,"minecraft:water_bucket":1,"minecraft:enchanted_book":13,"minecraft:golden_boots":1,"minecraft:iron_ingot":26,"minecraft:bread":110,"minecraft:wheat_seeds":259,"minecraft:clock":14,"minecraft:lilac":1,"minecraft:mossy_cobblestone":70,"minecraft:diamond_leggings":3,"minecraft:oak_fence":11,"minecraft:iron_helmet":1,"minecraft:feather":6,"minecraft:cobblestone":11,"minecraft:apple":3,"minecraft:granite":11,"minecraft:purple_dye":1,"minecraft:spruce_stairs":2,"minecraft:grass_block":4,"minecraft:coal":74,"minecraft:stick":70,"minecraft:oxeye_daisy":5,"minecraft:golden_carrot":5,"minecraft:torch":12,"minecraft:cooked_salmon":3,"minecraft:iron_door":1,"minecraft:diamond_helmet":1,"minecraft:iron_leggings":1,"minecraft:oak_stairs":2,"minecraft:iron_axe":1,"minecraft:iron_shovel":2,"minecraft:paper":13,"minecraft:string":10,"minecraft:spruce_sapling":16,"minecraft:dandelion":15,"minecraft:sweet_berries":8,"minecraft:stone_sword":4,"minecraft:blaze_rod":3,"minecraft:raw_copper":3,"minecraft:bowl":2,"minecraft:wither_skeleton_skull":1,"minecraft:light_gray_wool":3,"minecraft:iron_boots":1,"minecraft:nether_bricks":1,"minecraft:flint_and_steel":6,"minecraft:suspicious_stew":21,"minecraft:diamond_sword":2,"minecraft:potato":85,"minecraft:cobblestone_slab":2,"minecraft:stone":3,"minecraft:shield":1,"minecraft:diamond_chestplate":3,"minecraft:spruce_planks":54,"minecraft:diamond_pickaxe":3,"minecraft:dragon_egg":1,"minecraft:iron_chestplate":1,"minecraft:golden_sword":1,"minecraft:redstone_torch":1,"minecraft:spruce_log":8,"minecraft:spider_eye":10,"minecraft:stone_bricks":2,"minecraft:light_gray_dye":1,"minecraft:diamond_boots":1,"minecraft:bow":6,"minecraft:stone_pickaxe":2,"minecraft:wooden_pickaxe":3,"minecraft:magma_block":1,"minecraft:black_wool":1},"minecraft:picked_up":{"minecraft:shulker_shell":17,"minecraft:iron_chestplate":1,"minecraft:wheat":109,"minecraft:nether_brick_fence":2,"minecraft:suspicious_stew":16,"minecraft:yellow_wool":1,"minecraft:smithing_table":1,"minecraft:lead":1,"minecraft:diamond_sword":2,"minecraft:oak_stairs":2,"minecraft:potion":1,"minecraft:enchanted_book":15,"minecraft:brewing_stand":3,"minecraft:string":7,"minecraft:cooked_salmon":7,"minecraft:beetroot":7,"minecraft:diamond_leggings":3,"minecraft:gold_nugget":331,"minecraft:cobbled_deepslate":501,"minecraft:spruce_planks":101,"minecraft:cobblestone_slab":4,"minecraft:furnace":2,"minecraft:stick":393,"minecraft:composter":7,"minecraft:oak_fence":6,"minecraft:torch":53,"minecraft:spruce_stairs":4,"minecraft:porkchop":3,"minecraft:diorite":50,"minecraft:stone_sword":3,"minecraft:rotten_flesh":54,"minecraft:blaze_rod":29,"minecraft:obsidian":8,"minecraft:iron_bars":11,"minecraft:cobblestone":870,"minecraft:enchanting_table":3,"minecraft:cooked_beef":20,"minecraft:magma_cream":1,"minecraft:iron_door":2,"minecraft:water_bucket":1,"minecraft:andesite":31,"minecraft:smoker":3,"minecraft:potato":112,"minecraft:flint":11,"minecraft:wither_skeleton_skull":1,"minecraft:lapis_lazuli":406,"minecraft:dirt":249,"minecraft:lantern":4,"minecraft:bone":99,"minecraft:bow":2,"minecraft:wheat_seeds":302,"minecraft:raw_gold":93,"minecraft:grindstone":2,"minecraft:fletching_table":1,"minecraft:diamond_helmet":2,"minecraft:oak_planks":15,"minecraft:stripped_spruce_log":2,"minecraft:grass_block":461,"minecraft:mossy_cobblestone":136,"minecraft:diamond":22,"minecraft:spruce_boat":20,"minecraft:crossbow":2,"minecraft:granite":58,"minecraft:bone_meal":42,"minecraft:emerald":50,"minecraft:bread":48,"minecraft:oak_sapling":5,"minecraft:netherrack":217,"minecraft:diamond_pickaxe":4,"minecraft:end_stone_bricks":1,"minecraft:crafting_table":10,"minecraft:azure_bluet":5,"minecraft:ladder":10,"minecraft:nether_wart":388,"minecraft:dragon_head":2,"minecraft:purpur_block":1,"minecraft:shield":1,"minecraft:cornflower":2,"minecraft:oak_trapdoor":18,"minecraft:elytra":2,"minecraft:flint_and_steel":7,"minecraft:iron_shovel":2,"minecraft:blackstone":2,"minecraft:beef":29,"minecraft:oak_boat":9,"minecraft:poppy":33,"minecraft:light_gray_wool":1,"minecraft:lectern":38,"minecraft:sugar_cane":1319,"minecraft:chest":3,"minecraft:phantom_membrane":1,"minecraft:egg":5,"minecraft:raw_iron":188,"minecraft:end_stone":92,"minecraft:oak_door":7,"minecraft:fire_charge":1,"minecraft:cookie":144,"minecraft:carrot":257,"minecraft:redstone":393,"minecraft:arrow":41,"minecraft:diamond_chestplate":2,"minecraft:beetroot_seeds":27,"minecraft:nether_bricks":43,"minecraft:deepslate_bricks":20,"minecraft:diamond_boots":2,"minecraft:purpur_slab":1,"minecraft:gold_ingot":2,"minecraft:mutton":14,"minecraft:nether_brick_wall":1,"minecraft:bone_block":195,"minecraft:white_wool":22,"minecraft:oxeye_daisy":7,"minecraft:basalt":54,"minecraft:golden_carrot":65,"minecraft:glow_ink_sac":2,"minecraft:salmon":13,"minecraft:leather":28,"minecraft:purpur_stairs":1,"minecraft:oak_log":112,"minecraft:chainmail_chestplate":7,"minecraft:golden_boots":1,"minecraft:yellow_bed":7,"minecraft:cobblestone_wall":1,"minecraft:gunpowder":105,"minecraft:cobblestone_stairs":27,"minecraft:cooked_mutton":9,"minecraft:apple":6,"minecraft:stone_bricks":1,"minecraft:iron_ingot":197,"minecraft:cooked_chicken":5,"minecraft:iron_sword":1,"minecraft:soul_sand":449,"minecraft:book":143,"minecraft:oak_slab":5,"minecraft:sweet_berries":8,"minecraft:quartz":60,"minecraft:dandelion":18,"minecraft:gravel":77,"minecraft:spruce_sapling":528,"minecraft:blast_furnace":5,"minecraft:white_bed":16,"minecraft:spruce_log":5893,"minecraft:spider_eye":6,"minecraft:dragon_egg":1,"minecraft:firework_rocket":265,"minecraft:diamond_shovel":2,"minecraft:purple_bed":4,"minecraft:iron_helmet":1,"minecraft:diamond_axe":3,"minecraft:baked_potato":3,"minecraft:damaged_anvil":2,"minecraft:coal":271,"minecraft:ender_pearl":32},"minecraft:used":{"minecraft:beetroot":1,"minecraft:nether_brick_fence":2,"minecraft:iron_shovel":125,"minecraft:elytra":55,"minecraft:ladder":1,"minecraft:poppy":6,"minecraft:bone_block":2,"minecraft:shield":59,"minecraft:chest":1,"minecraft:iron_sword":390,"minecraft:nether_wart":252,"minecraft:soul_sand":173,"minecraft:nether_bricks":51,"minecraft:carrot":82,"minecraft:azure_bluet":2,"minecraft:spruce_boat":20,"minecraft:glass":17,"minecraft:lava_bucket":8,"minecraft:grass_block":309,"minecraft:lantern":17,"minecraft:iron_helmet":1,"minecraft:oak_sapling":5,"minecraft:furnace":6,"minecraft:beetroot_seeds":2,"minecraft:egg":1,"minecraft:potato":37,"minecraft:golden_boots":7,"minecraft:damaged_anvil":2,"minecraft:diorite":50,"minecraft:diamond_boots":1,"minecraft:stone_pickaxe":163,"minecraft:oak_planks":7,"minecraft:blackstone":2,"minecraft:ender_pearl":26,"minecraft:wooden_pickaxe":17,"minecraft:composter":6,"minecraft:sugar_cane":71,"minecraft:diamond_axe":5874,"minecraft:cookie":144,"minecraft:blast_furnace":5,"minecraft:crossbow":13,"minecraft:end_stone":53,"minecraft:shears":6,"minecraft:firework_rocket":70,"minecraft:lectern":42,"minecraft:iron_door":1,"minecraft:gravel":54,"minecraft:diamond_sword":932,"minecraft:grindstone":2,"minecraft:smithing_table":1,"minecraft:andesite":31,"minecraft:oak_trapdoor":14,"minecraft:oak_boat":9,"minecraft:bone_meal":420,"minecraft:experience_bottle":12,"minecraft:iron_bars":2,"minecraft:enchanting_table":3,"minecraft:stone_sword":30,"minecraft:flint_and_steel":96,"minecraft:spruce_planks":40,"minecraft:cooked_salmon":1,"minecraft:cooked_chicken":2,"minecraft:netherrack":87,"minecraft:torch":46,"minecraft:brewing_stand":2,"minecraft:dirt":234,"minecraft:anvil":2,"minecraft:spruce_stairs":18,"minecraft:cobblestone_wall":1,"minecraft:diamond_helmet":1,"minecraft:granite":27,"minecraft:bookshelf":56,"minecraft:iron_axe":409,"minecraft:iron_boots":6,"minecraft:diamond_chestplate":52,"minecraft:basalt":33,"minecraft:golden_carrot":115,"minecraft:cooked_beef":32,"minecraft:cobbled_deepslate":170,"minecraft:wheat_seeds":116,"minecraft:cooked_mutton":22,"minecraft:water_bucket":25,"minecraft:nether_brick_wall":7,"minecraft:fletching_table":3,"minecraft:cobblestone_slab":314,"minecraft:deepslate_bricks":54,"minecraft:vine":1,"minecraft:crafting_table":9,"minecraft:spider_eye":1,"minecraft:white_bed":17,"minecraft:spruce_log":67,"minecraft:smoker":3,"minecraft:diamond_pickaxe":2123,"minecraft:oxeye_daisy":1,"minecraft:diamond_shovel":834,"minecraft:iron_pickaxe":719,"minecraft:suspicious_stew":2,"minecraft:spruce_sapling":283,"minecraft:stone_axe":118,"minecraft:cobblestone":304,"minecraft:purple_bed":5,"minecraft:bucket":34,"minecraft:yellow_bed":13,"minecraft:dandelion":1,"minecraft:diamond_leggings":2},"minecraft:killed":{"minecraft:spider":14,"minecraft:shulker":24,"minecraft:skeleton":30,"minecraft:chicken":1,"minecraft:magma_cube":7,"minecraft:piglin":1,"minecraft:pig":1,"minecraft:salmon":14,"minecraft:iron_golem":34,"minecraft:creeper":27,"minecraft:sheep":18,"minecraft:zombie":50,"minecraft:blaze":19,"minecraft:cow":20,"minecraft:phantom":1,"minecraft:drowned":1,"minecraft:wither_skeleton":14,"minecraft:enderman":32},"minecraft:broken":{"minecraft:stone_axe":1,"minecraft:flint_and_steel":1,"minecraft:iron_axe":1},"minecraft:mined":{"minecraft:dragon_wall_head":1,"minecraft:spruce_planks":9,"minecraft:white_bed":12,"minecraft:farmland":10,"minecraft:cobblestone_stairs":29,"minecraft:brewing_stand":3,"minecraft:granite":49,"minecraft:grass_block":532,"minecraft:deepslate_bricks":20,"minecraft:purpur_slab":1,"minecraft:composter":7,"minecraft:oxeye_daisy":3,"minecraft:nether_wart":131,"minecraft:weeping_vines_plant":1,"minecraft:tall_seagrass":2,"minecraft:magma_block":1,"minecraft:iron_ore":79,"minecraft:cobbled_deepslate":4,"minecraft:fire":49,"minecraft:deepslate_lapis_ore":28,"minecraft:fletching_table":1,"minecraft:azure_bluet":2,"minecraft:enchanting_table":3,"minecraft:dirt_path":14,"minecraft:oak_stairs":2,"minecraft:iron_bars":1,"minecraft:end_stone_bricks":1,"minecraft:deepslate_redstone_ore":77,"minecraft:blackstone":2,"minecraft:smoker":3,"minecraft:soul_fire":3,"minecraft:purpur_stairs":1,"minecraft:torch":10,"minecraft:blast_furnace":5,"minecraft:poppy":2,"minecraft:chest":3,"minecraft:white_stained_glass_pane":10,"minecraft:glass":17,"minecraft:nether_quartz_ore":46,"minecraft:cobblestone":549,"minecraft:damaged_anvil":2,"minecraft:oak_planks":15,"minecraft:sugar_cane":697,"minecraft:grindstone":2,"minecraft:iron_door":2,"minecraft:wall_torch":7,"minecraft:yellow_wool":3,"minecraft:wheat":104,"minecraft:purpur_block":1,"minecraft:yellow_stained_glass_pane":10,"minecraft:grass":146,"minecraft:oak_log":114,"minecraft:beetroots":6,"minecraft:dirt":156,"minecraft:netherrack":217,"minecraft:oak_leaves":39,"minecraft:deepslate":493,"minecraft:nether_gold_ore":47,"minecraft:tuff":23,"minecraft:mossy_cobblestone":64,"minecraft:deepslate_diamond_ore":20,"minecraft:nether_brick_wall":1,"minecraft:oak_door":3,"minecraft:end_stone":95,"minecraft:nether_bricks":43,"minecraft:spruce_leaves":208,"minecraft:redstone_ore":11,"minecraft:oak_trapdoor":18,"minecraft:furnace":2,"minecraft:carrots":71,"minecraft:andesite":31,"minecraft:stripped_spruce_log":2,"minecraft:nether_brick_fence":2,"minecraft:bookshelf":41,"minecraft:potatoes":32,"minecraft:cobblestone_slab":5,"minecraft:deepslate_iron_ore":109,"minecraft:vine":6,"minecraft:lantern":1,"minecraft:stone":335,"minecraft:bone_block":157,"minecraft:white_wool":5,"minecraft:ender_chest":1,"minecraft:smithing_table":1,"minecraft:oak_slab":6,"minecraft:glass_pane":22,"minecraft:soul_sand":328,"minecraft:magenta_stained_glass":3,"minecraft:basalt":54,"minecraft:dandelion":9,"minecraft:oak_fence":13,"minecraft:crafting_table":8,"minecraft:cornflower":2,"minecraft:lectern":38,"minecraft:copper_ore":4,"minecraft:tall_grass":32,"minecraft:lapis_ore":18,"minecraft:deepslate_gold_ore":90,"minecraft:diorite":47,"minecraft:spruce_stairs":4,"minecraft:purple_bed":2,"minecraft:cobblestone_wall":1,"minecraft:sweet_berry_bush":4,"minecraft:spruce_log":5868,"minecraft:birch_leaves":3,"minecraft:yellow_bed":7,"minecraft:coal_ore":163,"minecraft:gravel":12,"minecraft:gold_ore":3},"minecraft:custom":{"minecraft:interact_with_crafting_table":64,"minecraft:open_shulker_box":1,"minecraft:bell_ring":5,"minecraft:leave_game":28,"minecraft:time_since_death":88756,"minecraft:sprint_one_cm":2448068,"minecraft:damage_blocked_by_shield":2995,"minecraft:drop":460,"minecraft:talked_to_villager":837,"minecraft:play_time":1044224,"minecraft:deaths":2,"minecraft:jump":17377,"minecraft:interact_with_brewingstand":1,"minecraft:walk_on_water_one_cm":72853,"minecraft:enchant_item":35,"minecraft:interact_with_furnace":36,"minecraft:traded_with_villager":1842,"minecraft:sleep_in_bed":44,"minecraft:open_enderchest":2,"minecraft:damage_dealt":89809,"minecraft:crouch_one_cm":220898,"minecraft:interact_with_smoker":13,"minecraft:interact_with_smithing_table":2,"minecraft:horse_one_cm":75076,"minecraft:interact_with_anvil":34,"minecraft:mob_kills":341,"minecraft:climb_one_cm":15131,"minecraft:walk_one_cm":932922,"minecraft:sneak_time":96541,"minecraft:walk_under_water_one_cm":35358,"minecraft:boat_one_cm":110033,"minecraft:interact_with_blast_furnace":33,"minecraft:total_world_time":1044224,"minecraft:interact_with_grindstone":15,"minecraft:time_since_rest":814,"minecraft:damage_taken":10163,"minecraft:swim_one_cm":92453,"minecraft:fly_one_cm":3387607,"minecraft:open_chest":529,"minecraft:aviate_one_cm":2509382,"minecraft:fall_one_cm":448012}},"DataVersion":3465}