{"stats":{"minecraft:crafted":{"minecraft:ender_chest":1,"minecraft:smooth_stone":192,"minecraft:oak_planks":600,"minecraft:cobblestone_slab":336,"minecraft:oak_sign":9,"minecraft:red_sand":4,"minecraft:purple_bed":1,"minecraft:blaze_powder":2,"minecraft:nether_brick":128,"minecraft:bookshelf":58,"minecraft:cooked_mutton":13,"minecraft:suspicious_stew":7,"minecraft:glass":400,"minecraft:hopper":9,"minecraft:nether_brick_wall":6,"minecraft:diamond_helmet":1,"minecraft:diamond_leggings":1,"minecraft:iron_boots":1,"minecraft:chest":16,"minecraft:rail":32,"minecraft:ender_eye":1,"minecraft:stone_bricks":172,"minecraft:name_tag":3,"minecraft:furnace_minecart":1,"minecraft:arrow":80,"minecraft:emerald":1756,"minecraft:diamond_axe":2,"minecraft:crafting_table":8,"minecraft:spruce_planks":25760,"minecraft:wooden_pickaxe":1,"minecraft:chainmail_chestplate":7,"minecraft:clock":14,"minecraft:fletching_table":5,"minecraft:birch_planks":20,"minecraft:campfire":13,"minecraft:apple":48,"minecraft:lectern":2,"minecraft:iron_chestplate":1,"minecraft:paper":1392,"minecraft:diamond_pickaxe":2,"minecraft:yellow_dye":6,"minecraft:purple_dye":4,"minecraft:shield":2,"minecraft:stick":51445,"minecraft:iron_ingot":397,"minecraft:compass":4,"minecraft:iron_pickaxe":2,"minecraft:iron_block":999,"minecraft:gold_ingot":135,"minecraft:light_gray_dye":1,"minecraft:deepslate_bricks":56,"minecraft:shears":2,"minecraft:golden_carrot":243,"minecraft:purple_wool":3,"minecraft:cookie":8,"minecraft:smooth_stone_slab":360,"minecraft:experience_bottle":12,"minecraft:furnace":9,"minecraft:blast_furnace":4,"minecraft:pufferfish_bucket":1,"minecraft:yellow_bed":6,"minecraft:bone_meal":555,"minecraft:vine":1,"minecraft:oak_trapdoor":2,"minecraft:flint_and_steel":2,"minecraft:lantern":36,"minecraft:spruce_stairs":16,"minecraft:polished_deepslate":56,"minecraft:iron_axe":2,"minecraft:spruce_slab":18,"minecraft:ender_pearl":2,"minecraft:stone_pickaxe":2,"minecraft:diamond_boots":1,"minecraft:spruce_boat":2,"minecraft:redstone_block":43,"minecraft:minecart":8,"minecraft:cooked_beef":12,"minecraft:red_dye":2,"minecraft:crossbow":1,"minecraft:diamond_sword":1,"minecraft:powered_rail":60,"minecraft:iron_sword":2,"minecraft:nether_bricks":32,"minecraft:bucket":2,"minecraft:stone_axe":13,"minecraft:white_stained_glass":376,"minecraft:enchanted_book":53,"minecraft:bread":156,"minecraft:air":0,"minecraft:blue_dye":2,"minecraft:oak_boat":2,"minecraft:white_dye":115,"minecraft:birch_trapdoor":2,"minecraft:iron_shovel":1,"minecraft:iron_leggings":1,"minecraft:anvil":4,"minecraft:white_bed":19,"minecraft:nether_wart_block":4,"minecraft:torch":36,"minecraft:firework_rocket":504,"minecraft:diamond_chestplate":2},"minecraft:killed_by":{"minecraft:player":1},"minecraft:dropped":{"minecraft:iron_sword":2,"minecraft:porkchop":8,"minecraft:birch_planks":10,"minecraft:diamond_axe":3,"minecraft:oak_log":2,"minecraft:baked_potato":2,"minecraft:glow_ink_sac":5,"minecraft:emerald_ore":1,"minecraft:ender_pearl":3404,"minecraft:crafting_table":2,"minecraft:crossbow":2,"minecraft:netherite_upgrade_smithing_template":1,"minecraft:cookie":144,"minecraft:cracked_stone_bricks":1,"minecraft:purpur_stairs":1,"minecraft:elytra":1,"minecraft:rail":68,"minecraft:red_mushroom":1,"minecraft:cobblestone_stairs":15,"minecraft:emerald":226,"minecraft:cracked_polished_blackstone_bricks":2,"minecraft:dirt":26,"minecraft:grass":1,"minecraft:polished_blackstone_brick_stairs":1,"minecraft:mutton":1,"minecraft:gold_nugget":198,"minecraft:bone_meal":2,"minecraft:bone_block":153,"minecraft:polished_blackstone_bricks":1,"minecraft:iron_pickaxe":2,"minecraft:bone":30,"minecraft:oak_door":11,"minecraft:gravel":29,"minecraft:stone_axe":13,"minecraft:purpur_block":1,"minecraft:compass":4,"minecraft:sugar_cane":5,"minecraft:ancient_debris":2,"minecraft:iron_nugget":25,"minecraft:cobbled_deepslate":21,"minecraft:wheat":166,"minecraft:yellow_wool":1,"minecraft:beetroot":6,"minecraft:rotten_flesh":457,"minecraft:oak_planks":29,"minecraft:diamond_shovel":2,"minecraft:end_stone":1,"minecraft:blaze_powder":2,"minecraft:azure_bluet":3,"minecraft:white_bed":5,"minecraft:salmon":2,"minecraft:carrot":95,"minecraft:chainmail_chestplate":14,"minecraft:poppy":2613,"minecraft:gunpowder":9,"minecraft:beetroot_seeds":17,"minecraft:ladder":6,"minecraft:spruce_slab":12,"minecraft:iron_bars":2,"minecraft:arrow":97,"minecraft:end_stone_bricks":1,"minecraft:powered_rail":96,"minecraft:glass":7,"minecraft:campfire":13,"minecraft:quartz":18,"minecraft:netherrack":61,"minecraft:egg":5,"minecraft:firework_rocket":383,"minecraft:water_bucket":1,"minecraft:enchanted_book":13,"minecraft:golden_boots":1,"minecraft:iron_ingot":7496,"minecraft:bread":210,"minecraft:oak_slab":5,"minecraft:wheat_seeds":483,"minecraft:clock":14,"minecraft:lilac":1,"minecraft:mossy_cobblestone":101,"minecraft:diamond_leggings":3,"minecraft:oak_fence":11,"minecraft:feather":6,"minecraft:iron_helmet":1,"minecraft:cobblestone":39,"minecraft:apple":3,"minecraft:granite":24,"minecraft:activator_rail":1,"minecraft:purple_dye":1,"minecraft:spruce_stairs":2,"minecraft:grass_block":4,"minecraft:coal":74,"minecraft:stick":96,"minecraft:oxeye_daisy":5,"minecraft:golden_carrot":5,"minecraft:torch":23,"minecraft:lodestone":1,"minecraft:nether_wart_block":4,"minecraft:iron_door":1,"minecraft:cooked_salmon":3,"minecraft:diamond_helmet":1,"minecraft:iron_leggings":1,"minecraft:oak_stairs":5,"minecraft:iron_axe":1,"minecraft:iron_shovel":2,"minecraft:paper":16,"minecraft:string":52,"minecraft:pink_petals":2,"minecraft:spruce_sapling":16,"minecraft:dandelion":16,"minecraft:sweet_berries":8,"minecraft:oak_trapdoor":8,"minecraft:ender_chest":1,"minecraft:blaze_rod":3,"minecraft:stone_sword":4,"minecraft:raw_copper":3,"minecraft:bowl":2,"minecraft:raw_iron":3,"minecraft:wither_skeleton_skull":1,"minecraft:light_gray_wool":3,"minecraft:iron_boots":1,"minecraft:stripped_oak_log":6,"minecraft:name_tag":1,"minecraft:white_terracotta":2,"minecraft:nether_bricks":1,"minecraft:pumpkin_seeds":4,"minecraft:glass_pane":1,"minecraft:flint_and_steel":6,"minecraft:suspicious_stew":21,"minecraft:diamond_sword":2,"minecraft:cobblestone_slab":2,"minecraft:potato":85,"minecraft:stone":8,"minecraft:shield":1,"minecraft:diamond_chestplate":3,"minecraft:spruce_planks":59,"minecraft:diamond_pickaxe":3,"minecraft:dragon_egg":1,"minecraft:iron_chestplate":1,"minecraft:andesite":5,"minecraft:golden_sword":2,"minecraft:redstone_torch":11,"minecraft:stone_bricks":11,"minecraft:spider_eye":38,"minecraft:light_gray_dye":1,"minecraft:spruce_log":11,"minecraft:diamond_boots":1,"minecraft:bow":8,"minecraft:stone_pickaxe":2,"minecraft:wooden_pickaxe":3,"minecraft:magma_block":1,"minecraft:white_stained_glass":4,"minecraft:black_wool":1},"minecraft:picked_up":{"minecraft:iron_chestplate":1,"minecraft:wheat":163,"minecraft:anvil":2,"minecraft:ender_chest":1,"minecraft:nether_brick_fence":2,"minecraft:suspicious_stew":16,"minecraft:yellow_wool":1,"minecraft:lead":3,"minecraft:smithing_table":1,"minecraft:diamond_sword":2,"minecraft:oak_stairs":3,"minecraft:enchanted_book":15,"minecraft:potion":1,"minecraft:purple_shulker_box":1,"minecraft:brewing_stand":3,"minecraft:string":38,"minecraft:cooked_salmon":7,"minecraft:smooth_stone_slab":73,"minecraft:oak_sign":1,"minecraft:beetroot":7,"minecraft:activator_rail":1,"minecraft:diamond_leggings":3,"minecraft:gold_nugget":331,"minecraft:cobbled_deepslate":569,"minecraft:spruce_planks":123,"minecraft:redstone_torch":17,"minecraft:cobblestone_slab":4,"minecraft:netherite_upgrade_smithing_template":1,"minecraft:furnace":2,"minecraft:stick":414,"minecraft:composter":7,"minecraft:oak_fence":6,"minecraft:torch":63,"minecraft:spruce_stairs":4,"minecraft:porkchop":3,"minecraft:diorite":51,"minecraft:stone_sword":3,"minecraft:rotten_flesh":277,"minecraft:white_terracotta":2,"minecraft:blaze_rod":29,"minecraft:obsidian":10,"minecraft:iron_bars":13,"minecraft:cobblestone":1520,"minecraft:birch_log":5,"minecraft:enchanting_table":3,"minecraft:pink_petals":4,"minecraft:magma_block":1,"minecraft:water_bucket":1,"minecraft:cooked_beef":20,"minecraft:magma_cream":1,"minecraft:iron_door":2,"minecraft:andesite":46,"minecraft:potato":112,"minecraft:smoker":4,"minecraft:flint":11,"minecraft:tuff":3,"minecraft:wither_skeleton_skull":1,"minecraft:lapis_lazuli":558,"minecraft:dirt":1730,"minecraft:lantern":4,"minecraft:name_tag":3,"minecraft:bone":143,"minecraft:bow":4,"minecraft:wheat_seeds":571,"minecraft:raw_gold":221,"minecraft:bell":1,"minecraft:grindstone":3,"minecraft:fletching_table":7,"minecraft:diamond_helmet":2,"minecraft:powered_rail":47,"minecraft:oak_planks":64,"minecraft:sand":20,"minecraft:stripped_spruce_log":2,"minecraft:grass_block":1267,"minecraft:mossy_cobblestone":181,"minecraft:diamond":22,"minecraft:spruce_boat":20,"minecraft:crossbow":2,"minecraft:granite":70,"minecraft:bone_meal":42,"minecraft:emerald":78,"minecraft:bread":48,"minecraft:oak_sapling":8,"minecraft:netherrack":268,"minecraft:diamond_pickaxe":4,"minecraft:end_stone_bricks":1,"minecraft:crafting_table":14,"minecraft:azure_bluet":5,"minecraft:ladder":11,"minecraft:nether_wart":1007,"minecraft:dragon_head":2,"minecraft:purpur_block":1,"minecraft:shield":2,"minecraft:cornflower":2,"minecraft:oak_trapdoor":18,"minecraft:elytra":2,"minecraft:flint_and_steel":8,"minecraft:white_stained_glass":148,"minecraft:iron_shovel":2,"minecraft:blackstone":2,"minecraft:glass_pane":1,"minecraft:beef":29,"minecraft:oak_boat":9,"minecraft:light_gray_wool":1,"minecraft:poppy":636,"minecraft:spruce_slab":36,"minecraft:minecart":19,"minecraft:lectern":841,"minecraft:sugar_cane":1654,"minecraft:chest":4,"minecraft:egg":8,"minecraft:phantom_membrane":1,"minecraft:raw_iron":580,"minecraft:end_stone":92,"minecraft:stone":350,"minecraft:oak_door":13,"minecraft:fire_charge":1,"minecraft:cookie":144,"minecraft:carrot":267,"minecraft:redstone":393,"minecraft:arrow":88,"minecraft:diamond_chestplate":2,"minecraft:beetroot_seeds":27,"minecraft:nether_bricks":43,"minecraft:diamond_boots":2,"minecraft:deepslate_bricks":20,"minecraft:purpur_slab":1,"minecraft:gold_ingot":2,"minecraft:nether_brick_wall":1,"minecraft:mutton":14,"minecraft:bone_block":195,"minecraft:rail":255,"minecraft:white_wool":49,"minecraft:emerald_ore":1,"minecraft:oxeye_daisy":7,"minecraft:stripped_oak_log":6,"minecraft:basalt":54,"minecraft:golden_carrot":65,"minecraft:glow_ink_sac":2,"minecraft:salmon":13,"minecraft:leather":32,"minecraft:purpur_stairs":1,"minecraft:oak_log":147,"minecraft:chainmail_chestplate":7,"minecraft:ancient_debris":2,"minecraft:cobblestone_wall":1,"minecraft:golden_boots":1,"minecraft:yellow_bed":20,"minecraft:nether_wart_block":1,"minecraft:gunpowder":194,"minecraft:cobblestone_stairs":43,"minecraft:cooked_mutton":9,"minecraft:apple":6,"minecraft:stone_bricks":72,"minecraft:iron_ingot":7852,"minecraft:cooked_chicken":5,"minecraft:iron_sword":1,"minecraft:soul_sand":471,"minecraft:book":191,"minecraft:oak_slab":5,"minecraft:sweet_berries":8,"minecraft:quartz":60,"minecraft:dandelion":22,"minecraft:gravel":82,"minecraft:spruce_sapling":551,"minecraft:blast_furnace":6,"minecraft:white_bed":29,"minecraft:spruce_log":6546,"minecraft:spider_eye":29,"minecraft:dragon_egg":1,"minecraft:firework_rocket":265,"minecraft:purple_bed":4,"minecraft:diamond_shovel":2,"minecraft:pumpkin_seeds":1,"minecraft:iron_helmet":1,"minecraft:diamond_axe":3,"minecraft:lodestone":1,"minecraft:baked_potato":4,"minecraft:damaged_anvil":2,"minecraft:coal":337,"minecraft:hopper":8,"minecraft:shulker_shell":17,"minecraft:ender_pearl":2058},"minecraft:used":{"minecraft:oak_sign":10,"minecraft:elytra":60,"minecraft:beetroot":1,"minecraft:iron_shovel":125,"minecraft:nether_brick_fence":2,"minecraft:spruce_slab":41,"minecraft:ladder":2,"minecraft:poppy":6,"minecraft:bone_block":2,"minecraft:shield":59,"minecraft:chest":8,"minecraft:nether_wart":542,"minecraft:stone":12,"minecraft:iron_sword":390,"minecraft:purple_shulker_box":1,"minecraft:soul_sand":329,"minecraft:nether_bricks":51,"minecraft:carrot":83,"minecraft:tuff":3,"minecraft:azure_bluet":2,"minecraft:glass":17,"minecraft:spruce_boat":20,"minecraft:lava_bucket":12,"minecraft:grass_block":1199,"minecraft:lantern":17,"minecraft:iron_helmet":1,"minecraft:stone_bricks":114,"minecraft:birch_trapdoor":2,"minecraft:magma_block":1,"minecraft:oak_sapling":5,"minecraft:furnace":6,"minecraft:beetroot_seeds":2,"minecraft:egg":4,"minecraft:potato":37,"minecraft:damaged_anvil":2,"minecraft:golden_boots":7,"minecraft:diorite":51,"minecraft:diamond_boots":1,"minecraft:stone_pickaxe":163,"minecraft:powered_rail":26,"minecraft:oak_planks":15,"minecraft:blackstone":2,"minecraft:ender_pearl":40,"minecraft:wooden_pickaxe":17,"minecraft:composter":6,"minecraft:sugar_cane":74,"minecraft:diamond_axe":7612,"minecraft:cookie":144,"minecraft:blast_furnace":10,"minecraft:crossbow":13,"minecraft:end_stone":53,"minecraft:shears":6,"minecraft:redstone_torch":2,"minecraft:firework_rocket":228,"minecraft:lectern":846,"minecraft:iron_door":1,"minecraft:gravel":54,"minecraft:diamond_sword":1618,"minecraft:nether_wart_block":1,"minecraft:pufferfish_bucket":3,"minecraft:grindstone":3,"minecraft:smithing_table":1,"minecraft:white_stained_glass":480,"minecraft:andesite":41,"minecraft:smooth_stone_slab":425,"minecraft:oak_trapdoor":14,"minecraft:oak_boat":10,"minecraft:bone_meal":456,"minecraft:experience_bottle":12,"minecraft:iron_bars":2,"minecraft:enchanting_table":3,"minecraft:stone_sword":30,"minecraft:flint_and_steel":184,"minecraft:spruce_planks":45,"minecraft:cooked_salmon":1,"minecraft:cooked_chicken":2,"minecraft:netherrack":139,"minecraft:dirt":1866,"minecraft:torch":56,"minecraft:brewing_stand":2,"minecraft:anvil":6,"minecraft:hopper":17,"minecraft:spruce_stairs":18,"minecraft:cobblestone_wall":1,"minecraft:diamond_helmet":1,"minecraft:granite":27,"minecraft:bookshelf":56,"minecraft:iron_axe":409,"minecraft:iron_boots":6,"minecraft:diamond_chestplate":56,"minecraft:basalt":33,"minecraft:golden_carrot":210,"minecraft:minecart":26,"minecraft:cooked_beef":32,"minecraft:cobbled_deepslate":214,"minecraft:wheat_seeds":170,"minecraft:cooked_mutton":22,"minecraft:iron_ore":18,"minecraft:water_bucket":41,"minecraft:nether_brick_wall":7,"minecraft:cobblestone_stairs":6,"minecraft:baked_potato":1,"minecraft:fletching_table":9,"minecraft:cobblestone_slab":317,"minecraft:deepslate_bricks":54,"minecraft:rail":131,"minecraft:vine":1,"minecraft:crafting_table":13,"minecraft:spider_eye":1,"minecraft:white_bed":38,"minecraft:spruce_log":70,"minecraft:smoker":3,"minecraft:diamond_pickaxe":4684,"minecraft:oxeye_daisy":1,"minecraft:diamond_shovel":3105,"minecraft:iron_pickaxe":719,"minecraft:suspicious_stew":2,"minecraft:spruce_sapling":315,"minecraft:stone_axe":118,"minecraft:pink_petals":3,"minecraft:cobblestone":531,"minecraft:purple_bed":5,"minecraft:bucket":57,"minecraft:yellow_bed":26,"minecraft:dandelion":1,"minecraft:diamond_leggings":2},"minecraft:killed":{"minecraft:spider":29,"minecraft:shulker":24,"minecraft:skeleton":56,"minecraft:chicken":1,"minecraft:magma_cube":7,"minecraft:piglin":1,"minecraft:pig":1,"minecraft:salmon":14,"minecraft:iron_golem":49,"minecraft:creeper":58,"minecraft:sheep":18,"minecraft:trader_llama":2,"minecraft:zombie":113,"minecraft:blaze":19,"minecraft:cow":20,"minecraft:phantom":1,"minecraft:drowned":2,"minecraft:bat":1,"minecraft:wandering_trader":1,"minecraft:wither_skeleton":14,"minecraft:enderman":1377},"minecraft:broken":{"minecraft:stone_axe":1,"minecraft:flint_and_steel":2,"minecraft:iron_axe":1},"minecraft:mined":{"minecraft:dragon_wall_head":1,"minecraft:spruce_planks":11,"minecraft:white_bed":25,"minecraft:farmland":10,"minecraft:cobblestone_stairs":45,"minecraft:brewing_stand":3,"minecraft:obsidian":2,"minecraft:granite":64,"minecraft:grass_block":1352,"minecraft:deepslate_bricks":20,"minecraft:purpur_slab":1,"minecraft:composter":7,"minecraft:hopper":8,"minecraft:oxeye_daisy":3,"minecraft:oak_wall_sign":1,"minecraft:nether_wart":254,"minecraft:spawner":2,"minecraft:weeping_vines_plant":1,"minecraft:tall_seagrass":2,"minecraft:magma_block":2,"minecraft:iron_ore":167,"minecraft:fire":70,"minecraft:cobbled_deepslate":9,"minecraft:anvil":2,"minecraft:deepslate_lapis_ore":34,"minecraft:fletching_table":7,"minecraft:azure_bluet":2,"minecraft:enchanting_table":3,"minecraft:dirt_path":1052,"minecraft:oak_stairs":18,"minecraft:iron_bars":3,"minecraft:end_stone_bricks":1,"minecraft:spruce_slab":35,"minecraft:deepslate_redstone_ore":77,"minecraft:blackstone":2,"minecraft:smoker":4,"minecraft:soul_fire":3,"minecraft:purpur_stairs":1,"minecraft:torch":10,"minecraft:blast_furnace":6,"minecraft:poppy":2,"minecraft:chest":7,"minecraft:white_stained_glass_pane":10,"minecraft:glass":17,"minecraft:cobblestone":1130,"minecraft:nether_quartz_ore":46,"minecraft:damaged_anvil":2,"minecraft:oak_planks":93,"minecraft:sugar_cane":865,"minecraft:grindstone":3,"minecraft:iron_door":2,"minecraft:wall_torch":8,"minecraft:pink_petals":1,"minecraft:white_terracotta":31,"minecraft:powered_rail":33,"minecraft:nether_wart_block":1,"minecraft:yellow_wool":3,"minecraft:birch_log":5,"minecraft:wheat":158,"minecraft:activator_rail":1,"minecraft:purpur_block":1,"minecraft:smooth_stone_slab":95,"minecraft:yellow_stained_glass_pane":10,"minecraft:grass":259,"minecraft:oak_log":162,"minecraft:beetroots":6,"minecraft:sand":20,"minecraft:dirt":514,"minecraft:netherrack":315,"minecraft:oak_leaves":40,"minecraft:deepslate":558,"minecraft:nether_gold_ore":47,"minecraft:tuff":26,"minecraft:mossy_cobblestone":110,"minecraft:deepslate_diamond_ore":20,"minecraft:nether_brick_wall":1,"minecraft:oak_door":4,"minecraft:end_stone":95,"minecraft:nether_bricks":43,"minecraft:white_stained_glass":174,"minecraft:spruce_leaves":222,"minecraft:sandstone":1,"minecraft:redstone_ore":11,"minecraft:oak_trapdoor":18,"minecraft:furnace":2,"minecraft:carrots":72,"minecraft:andesite":46,"minecraft:stripped_spruce_log":2,"minecraft:bell":1,"minecraft:nether_brick_fence":2,"minecraft:bookshelf":57,"minecraft:potatoes":32,"minecraft:cobblestone_slab":5,"minecraft:deepslate_iron_ore":223,"minecraft:vine":33,"minecraft:rail":255,"minecraft:lantern":1,"minecraft:stripped_oak_log":19,"minecraft:stone":849,"minecraft:bone_block":157,"minecraft:ender_chest":2,"minecraft:white_wool":5,"minecraft:smithing_table":1,"minecraft:oak_slab":6,"minecraft:glass_pane":53,"minecraft:soul_sand":341,"minecraft:magenta_stained_glass":3,"minecraft:basalt":54,"minecraft:dandelion":11,"minecraft:oak_fence":18,"minecraft:crafting_table":13,"minecraft:cornflower":2,"minecraft:emerald_ore":1,"minecraft:lectern":841,"minecraft:copper_ore":4,"minecraft:tall_grass":55,"minecraft:lapis_ore":21,"minecraft:deepslate_gold_ore":134,"minecraft:diorite":48,"minecraft:spruce_stairs":4,"minecraft:purple_bed":2,"minecraft:cobblestone_wall":2,"minecraft:redstone_torch":11,"minecraft:sweet_berry_bush":4,"minecraft:birch_leaves":4,"minecraft:spruce_log":6524,"minecraft:yellow_bed":20,"minecraft:coal_ore":181,"minecraft:gravel":20,"minecraft:purple_shulker_box":1,"minecraft:stone_bricks":74,"minecraft:gold_ore":17},"minecraft:custom":{"minecraft:interact_with_crafting_table":120,"minecraft:open_shulker_box":5,"minecraft:bell_ring":5,"minecraft:leave_game":52,"minecraft:time_since_death":1317921,"minecraft:sprint_one_cm":3832618,"minecraft:damage_blocked_by_shield":2995,"minecraft:drop":1083,"minecraft:talked_to_villager":2970,"minecraft:play_time":2273395,"minecraft:deaths":2,"minecraft:jump":23532,"minecraft:interact_with_brewingstand":1,"minecraft:walk_on_water_one_cm":131279,"minecraft:enchant_item":35,"minecraft:interact_with_furnace":72,"minecraft:traded_with_villager":2157,"minecraft:sleep_in_bed":67,"minecraft:open_enderchest":4,"minecraft:damage_dealt":131916,"minecraft:crouch_one_cm":446240,"minecraft:interact_with_smoker":14,"minecraft:interact_with_smithing_table":2,"minecraft:horse_one_cm":75076,"minecraft:interact_with_anvil":46,"minecraft:mob_kills":1872,"minecraft:inspect_hopper":18,"minecraft:climb_one_cm":28183,"minecraft:walk_one_cm":1596973,"minecraft:sneak_time":165977,"minecraft:walk_under_water_one_cm":47674,"minecraft:boat_one_cm":110479,"minecraft:interact_with_blast_furnace":156,"minecraft:total_world_time":2273395,"minecraft:interact_with_grindstone":16,"minecraft:interact_with_stonecutter":2,"minecraft:time_since_rest":10092,"minecraft:damage_taken":15779,"minecraft:minecart_one_cm":13253,"minecraft:swim_one_cm":136696,"minecraft:fly_one_cm":4673575,"minecraft:open_chest":1081,"minecraft:aviate_one_cm":7726927,"minecraft:fall_one_cm":616698}},"DataVersion":3465}