{"stats":{"minecraft:crafted":{"minecraft:oak_planks":264,"minecraft:purple_bed":1,"minecraft:nether_brick":128,"minecraft:bookshelf":17,"minecraft:cooked_mutton":13,"minecraft:suspicious_stew":7,"minecraft:glass":32,"minecraft:nether_brick_wall":6,"minecraft:iron_boots":1,"minecraft:arrow":64,"minecraft:emerald":327,"minecraft:diamond_axe":1,"minecraft:crafting_table":2,"minecraft:spruce_planks":4968,"minecraft:wooden_pickaxe":1,"minecraft:fletching_table":5,"minecraft:apple":48,"minecraft:iron_chestplate":1,"minecraft:paper":258,"minecraft:diamond_pickaxe":1,"minecraft:purple_dye":4,"minecraft:shield":2,"minecraft:stick":10021,"minecraft:iron_ingot":11,"minecraft:iron_pickaxe":2,"minecraft:iron_block":3,"minecraft:gold_ingot":9,"minecraft:light_gray_dye":1,"minecraft:shears":1,"minecraft:golden_carrot":72,"minecraft:purple_wool":3,"minecraft:cookie":8,"minecraft:furnace":4,"minecraft:bone_meal":195,"minecraft:oak_trapdoor":2,"minecraft:flint_and_steel":1,"minecraft:spruce_stairs":16,"minecraft:iron_axe":2,"minecraft:stone_pickaxe":2,"minecraft:cooked_beef":12,"minecraft:red_dye":2,"minecraft:iron_sword":2,"minecraft:nether_bricks":32,"minecraft:bucket":1,"minecraft:stone_axe":1,"minecraft:enchanted_book":9,"minecraft:bread":60,"minecraft:air":0,"minecraft:blue_dye":2,"minecraft:oak_boat":1,"minecraft:iron_leggings":1,"minecraft:anvil":1,"minecraft:white_bed":7,"minecraft:torch":36},"minecraft:dropped":{"minecraft:iron_sword":2,"minecraft:porkchop":3,"minecraft:glow_ink_sac":5,"minecraft:ender_pearl":3,"minecraft:cookie":144,"minecraft:cracked_stone_bricks":1,"minecraft:dirt":7,"minecraft:mutton":1,"minecraft:gold_nugget":4,"minecraft:iron_pickaxe":1,"minecraft:gravel":18,"minecraft:stone_axe":1,"minecraft:yellow_wool":1,"minecraft:wheat":54,"minecraft:beetroot":6,"minecraft:rotten_flesh":32,"minecraft:azure_bluet":3,"minecraft:salmon":2,"minecraft:carrot":37,"minecraft:poppy":11,"minecraft:beetroot_seeds":17,"minecraft:arrow":4,"minecraft:water_bucket":1,"minecraft:enchanted_book":1,"minecraft:bread":95,"minecraft:wheat_seeds":110,"minecraft:lilac":1,"minecraft:oak_fence":3,"minecraft:feather":6,"minecraft:granite":11,"minecraft:purple_dye":1,"minecraft:grass_block":2,"minecraft:coal":74,"minecraft:oxeye_daisy":3,"minecraft:torch":2,"minecraft:iron_axe":1,"minecraft:iron_shovel":1,"minecraft:string":2,"minecraft:spruce_sapling":12,"minecraft:dandelion":13,"minecraft:sweet_berries":8,"minecraft:stone_sword":2,"minecraft:raw_copper":3,"minecraft:bowl":1,"minecraft:light_gray_wool":3,"minecraft:nether_bricks":1,"minecraft:suspicious_stew":21,"minecraft:potato":47,"minecraft:shield":1,"minecraft:spruce_planks":1,"minecraft:spider_eye":1,"minecraft:stone_bricks":2,"minecraft:light_gray_dye":1,"minecraft:bow":3,"minecraft:stone_pickaxe":2,"minecraft:wooden_pickaxe":3,"minecraft:magma_block":1,"minecraft:black_wool":1},"minecraft:picked_up":{"minecraft:wheat":45,"minecraft:nether_brick_fence":2,"minecraft:suspicious_stew":16,"minecraft:yellow_wool":1,"minecraft:enchanted_book":1,"minecraft:beetroot":7,"minecraft:cobbled_deepslate":42,"minecraft:gold_nugget":85,"minecraft:spruce_planks":3,"minecraft:furnace":2,"minecraft:stick":71,"minecraft:composter":4,"minecraft:torch":8,"minecraft:spruce_stairs":4,"minecraft:porkchop":3,"minecraft:diorite":6,"minecraft:stone_sword":1,"minecraft:rotten_flesh":19,"minecraft:blaze_rod":8,"minecraft:cobblestone":227,"minecraft:enchanting_table":1,"minecraft:magma_cream":1,"minecraft:cooked_beef":20,"minecraft:water_bucket":1,"minecraft:potato":59,"minecraft:flint":11,"minecraft:lapis_lazuli":173,"minecraft:dirt":80,"minecraft:bone":13,"minecraft:bow":1,"minecraft:wheat_seeds":137,"minecraft:raw_gold":69,"minecraft:fletching_table":1,"minecraft:oak_planks":7,"minecraft:grass_block":4,"minecraft:diamond":10,"minecraft:granite":17,"minecraft:bone_meal":16,"minecraft:bread":33,"minecraft:oak_sapling":5,"minecraft:netherrack":196,"minecraft:crafting_table":6,"minecraft:azure_bluet":5,"minecraft:cornflower":2,"minecraft:oak_trapdoor":13,"minecraft:iron_shovel":1,"minecraft:blackstone":1,"minecraft:beef":29,"minecraft:oak_boat":9,"minecraft:poppy":10,"minecraft:light_gray_wool":1,"minecraft:lectern":27,"minecraft:sugar_cane":479,"minecraft:chest":1,"minecraft:phantom_membrane":1,"minecraft:egg":3,"minecraft:raw_iron":53,"minecraft:fire_charge":1,"minecraft:cookie":144,"minecraft:carrot":188,"minecraft:redstone":53,"minecraft:arrow":6,"minecraft:beetroot_seeds":18,"minecraft:nether_bricks":11,"minecraft:gold_ingot":2,"minecraft:mutton":14,"minecraft:nether_brick_wall":1,"minecraft:bone_block":40,"minecraft:white_wool":22,"minecraft:oxeye_daisy":5,"minecraft:basalt":54,"minecraft:glow_ink_sac":2,"minecraft:salmon":1,"minecraft:leather":24,"minecraft:oak_log":62,"minecraft:golden_boots":1,"minecraft:yellow_bed":1,"minecraft:cooked_mutton":9,"minecraft:apple":3,"minecraft:stone_bricks":1,"minecraft:iron_ingot":55,"minecraft:cooked_chicken":5,"minecraft:iron_sword":1,"minecraft:book":6,"minecraft:sweet_berries":8,"minecraft:quartz":32,"minecraft:dandelion":11,"minecraft:gravel":72,"minecraft:spruce_sapling":98,"minecraft:white_bed":6,"minecraft:spruce_log":1244,"minecraft:iron_helmet":1,"minecraft:coal":175,"minecraft:ender_pearl":3},"minecraft:used":{"minecraft:beetroot":1,"minecraft:nether_brick_fence":2,"minecraft:iron_shovel":42,"minecraft:poppy":2,"minecraft:shield":45,"minecraft:iron_sword":390,"minecraft:nether_bricks":39,"minecraft:carrot":62,"minecraft:azure_bluet":2,"minecraft:lava_bucket":8,"minecraft:iron_helmet":1,"minecraft:furnace":6,"minecraft:oak_sapling":5,"minecraft:beetroot_seeds":2,"minecraft:egg":1,"minecraft:potato":22,"minecraft:golden_boots":7,"minecraft:diorite":6,"minecraft:stone_pickaxe":163,"minecraft:oak_planks":7,"minecraft:blackstone":1,"minecraft:wooden_pickaxe":17,"minecraft:composter":4,"minecraft:diamond_axe":1037,"minecraft:sugar_cane":65,"minecraft:cookie":144,"minecraft:shears":6,"minecraft:lectern":30,"minecraft:gravel":54,"minecraft:oak_boat":9,"minecraft:bone_meal":153,"minecraft:oak_trapdoor":8,"minecraft:enchanting_table":1,"minecraft:stone_sword":30,"minecraft:flint_and_steel":30,"minecraft:spruce_planks":15,"minecraft:cooked_chicken":2,"minecraft:netherrack":68,"minecraft:torch":29,"minecraft:dirt":87,"minecraft:anvil":1,"minecraft:spruce_stairs":18,"minecraft:granite":13,"minecraft:bookshelf":17,"minecraft:iron_axe":409,"minecraft:iron_boots":6,"minecraft:basalt":33,"minecraft:golden_carrot":2,"minecraft:cooked_beef":32,"minecraft:cobbled_deepslate":42,"minecraft:wheat_seeds":60,"minecraft:cooked_mutton":22,"minecraft:water_bucket":9,"minecraft:nether_brick_wall":7,"minecraft:fletching_table":3,"minecraft:crafting_table":7,"minecraft:white_bed":13,"minecraft:spruce_log":2,"minecraft:diamond_pickaxe":31,"minecraft:oxeye_daisy":1,"minecraft:suspicious_stew":1,"minecraft:iron_pickaxe":719,"minecraft:spruce_sapling":59,"minecraft:stone_axe":118,"minecraft:cobblestone":217,"minecraft:purple_bed":1,"minecraft:bucket":18,"minecraft:yellow_bed":1,"minecraft:dandelion":1},"minecraft:killed":{"minecraft:spider":1,"minecraft:skeleton":9,"minecraft:chicken":1,"minecraft:magma_cube":7,"minecraft:piglin":1,"minecraft:pig":1,"minecraft:iron_golem":14,"minecraft:sheep":18,"minecraft:zombie":14,"minecraft:cow":20,"minecraft:blaze":14,"minecraft:phantom":1,"minecraft:drowned":1,"minecraft:wither_skeleton":3,"minecraft:enderman":4},"minecraft:broken":{"minecraft:stone_axe":1,"minecraft:iron_axe":1},"minecraft:mined":{"minecraft:spruce_planks":3,"minecraft:white_bed":6,"minecraft:granite":13,"minecraft:grass_block":32,"minecraft:composter":4,"minecraft:oxeye_daisy":3,"minecraft:weeping_vines_plant":1,"minecraft:iron_ore":12,"minecraft:fire":39,"minecraft:fletching_table":1,"minecraft:deepslate_lapis_ore":19,"minecraft:azure_bluet":2,"minecraft:enchanting_table":1,"minecraft:dirt_path":4,"minecraft:deepslate_redstone_ore":11,"minecraft:blackstone":1,"minecraft:torch":3,"minecraft:poppy":2,"minecraft:chest":1,"minecraft:nether_quartz_ore":32,"minecraft:cobblestone":89,"minecraft:sugar_cane":263,"minecraft:oak_planks":7,"minecraft:yellow_wool":3,"minecraft:wheat":48,"minecraft:grass":87,"minecraft:oak_log":62,"minecraft:beetroots":6,"minecraft:dirt":45,"minecraft:netherrack":196,"minecraft:oak_leaves":38,"minecraft:deepslate":41,"minecraft:nether_gold_ore":22,"minecraft:deepslate_diamond_ore":10,"minecraft:nether_brick_wall":1,"minecraft:nether_bricks":11,"minecraft:spruce_leaves":61,"minecraft:oak_trapdoor":13,"minecraft:furnace":2,"minecraft:carrots":51,"minecraft:nether_brick_fence":2,"minecraft:bookshelf":2,"minecraft:potatoes":17,"minecraft:deepslate_iron_ore":40,"minecraft:stone":138,"minecraft:white_wool":5,"minecraft:basalt":54,"minecraft:dandelion":2,"minecraft:crafting_table":6,"minecraft:cornflower":2,"minecraft:lectern":27,"minecraft:tall_grass":19,"minecraft:lapis_ore":6,"minecraft:deepslate_gold_ore":68,"minecraft:diorite":6,"minecraft:spruce_stairs":4,"minecraft:sweet_berry_bush":4,"minecraft:spruce_log":1244,"minecraft:birch_leaves":3,"minecraft:yellow_bed":1,"minecraft:coal_ore":133,"minecraft:gravel":10,"minecraft:gold_ore":1},"minecraft:custom":{"minecraft:interact_with_crafting_table":41,"minecraft:leave_game":11,"minecraft:time_since_death":366469,"minecraft:sprint_one_cm":829919,"minecraft:damage_blocked_by_shield":2625,"minecraft:drop":149,"minecraft:talked_to_villager":376,"minecraft:play_time":368396,"minecraft:deaths":1,"minecraft:jump":5892,"minecraft:walk_on_water_one_cm":41954,"minecraft:enchant_item":16,"minecraft:interact_with_furnace":32,"minecraft:traded_with_villager":409,"minecraft:sleep_in_bed":22,"minecraft:damage_dealt":28521,"minecraft:crouch_one_cm":71922,"minecraft:interact_with_smoker":10,"minecraft:mob_kills":118,"minecraft:interact_with_anvil":3,"minecraft:walk_one_cm":293220,"minecraft:sneak_time":37206,"minecraft:walk_under_water_one_cm":5820,"minecraft:boat_one_cm":28719,"minecraft:interact_with_blast_furnace":15,"minecraft:total_world_time":368396,"minecraft:interact_with_grindstone":4,"minecraft:time_since_rest":10915,"minecraft:damage_taken":3436,"minecraft:swim_one_cm":45359,"minecraft:fly_one_cm":962395,"minecraft:open_chest":172,"minecraft:fall_one_cm":127844}},"DataVersion":3465}