{"stats":{"minecraft:crafted":{"minecraft:ender_chest":1,"minecraft:smooth_stone":192,"minecraft:oak_sign":9,"minecraft:red_sand":4,"minecraft:purple_bed":1,"minecraft:blaze_powder":2,"minecraft:bookshelf":58,"minecraft:nether_brick":128,"minecraft:cooked_mutton":13,"minecraft:shulker_box":1,"minecraft:glass":400,"minecraft:diamond_helmet":1,"minecraft:diamond_leggings":1,"minecraft:name_tag":3,"minecraft:furnace_minecart":1,"minecraft:emerald":1885,"minecraft:diamond_axe":2,"minecraft:clock":14,"minecraft:fletching_table":5,"minecraft:campfire":13,"minecraft:tropical_fish_bucket":1,"minecraft:lectern":2,"minecraft:compass":4,"minecraft:iron_pickaxe":2,"minecraft:iron_block":1135,"minecraft:gold_ingot":135,"minecraft:light_gray_dye":1,"minecraft:golden_carrot":312,"minecraft:smooth_stone_slab":360,"minecraft:experience_bottle":12,"minecraft:pufferfish_bucket":1,"minecraft:yellow_bed":6,"minecraft:bone_meal":582,"minecraft:vine":1,"minecraft:lantern":36,"minecraft:spruce_stairs":16,"minecraft:spruce_slab":18,"minecraft:ender_pearl":2,"minecraft:stone_pickaxe":2,"minecraft:diamond_boots":1,"minecraft:spruce_boat":2,"minecraft:redstone_block":43,"minecraft:crossbow":1,"minecraft:enchanted_book":53,"minecraft:white_stained_glass":376,"minecraft:birch_trapdoor":2,"minecraft:iron_shovel":1,"minecraft:iron_leggings":1,"minecraft:white_bed":19,"minecraft:oak_planks":600,"minecraft:cobblestone_slab":336,"minecraft:sand":64,"minecraft:suspicious_stew":7,"minecraft:hopper":13,"minecraft:nether_brick_wall":6,"minecraft:iron_boots":1,"minecraft:chest":31,"minecraft:rail":32,"minecraft:ender_eye":1,"minecraft:stone_bricks":172,"minecraft:arrow":80,"minecraft:crafting_table":9,"minecraft:spruce_planks":27964,"minecraft:baked_potato":6,"minecraft:wooden_pickaxe":1,"minecraft:chainmail_chestplate":7,"minecraft:birch_planks":20,"minecraft:apple":48,"minecraft:iron_chestplate":1,"minecraft:paper":1392,"minecraft:diamond_pickaxe":2,"minecraft:purple_dye":40,"minecraft:yellow_dye":6,"minecraft:shield":2,"minecraft:stick":55601,"minecraft:iron_ingot":397,"minecraft:deepslate_bricks":56,"minecraft:shears":2,"minecraft:purple_wool":3,"minecraft:cookie":8,"minecraft:furnace":13,"minecraft:blast_furnace":4,"minecraft:oak_trapdoor":2,"minecraft:flint_and_steel":3,"minecraft:polished_deepslate":56,"minecraft:iron_axe":2,"minecraft:minecart":8,"minecraft:cooked_beef":12,"minecraft:red_dye":2,"minecraft:diamond_sword":1,"minecraft:powered_rail":60,"minecraft:iron_sword":2,"minecraft:nether_bricks":32,"minecraft:bucket":27,"minecraft:stone_axe":13,"minecraft:bread":156,"minecraft:air":0,"minecraft:blue_dye":2,"minecraft:oak_boat":2,"minecraft:white_dye":115,"minecraft:anvil":4,"minecraft:nether_wart_block":4,"minecraft:torch":36,"minecraft:diamond_chestplate":2,"minecraft:firework_rocket":504},"minecraft:killed_by":{"minecraft:player":1,"minecraft:skeleton":1},"minecraft:dropped":{"minecraft:iron_sword":3,"minecraft:porkchop":8,"minecraft:glow_ink_sac":5,"minecraft:glass_bottle":1,"minecraft:emerald_ore":1,"minecraft:diamond":26,"minecraft:crafting_table":2,"minecraft:crossbow":2,"minecraft:cookie":144,"minecraft:cracked_stone_bricks":1,"minecraft:purpur_stairs":1,"minecraft:elytra":1,"minecraft:rail":70,"minecraft:leather_helmet":1,"minecraft:red_mushroom":1,"minecraft:emerald":229,"minecraft:dirt":26,"minecraft:grass":1,"minecraft:gold_nugget":283,"minecraft:bone_meal":5,"minecraft:bone_block":153,"minecraft:sand":5,"minecraft:iron_pickaxe":2,"minecraft:fishing_rod":2,"minecraft:bone":30,"minecraft:oak_door":11,"minecraft:stone_axe":13,"minecraft:compass":4,"minecraft:sugar_cane":5,"minecraft:ancient_debris":2,"minecraft:iron_nugget":25,"minecraft:cobbled_deepslate":21,"minecraft:wheat":172,"minecraft:rotten_flesh":566,"minecraft:oak_planks":29,"minecraft:end_stone":1,"minecraft:blaze_powder":2,"minecraft:azure_bluet":3,"minecraft:white_bed":5,"minecraft:salmon":2,"minecraft:leather_boots":1,"minecraft:ladder":6,"minecraft:spruce_slab":12,"minecraft:end_stone_bricks":1,"minecraft:glass":7,"minecraft:campfire":13,"minecraft:egg":5,"minecraft:iron_ingot":7497,"minecraft:enchanted_book":16,"minecraft:golden_boots":3,"minecraft:wheat_seeds":492,"minecraft:clock":14,"minecraft:oak_fence":17,"minecraft:iron_helmet":1,"minecraft:feather":6,"minecraft:cobblestone":39,"minecraft:apple":3,"minecraft:granite":36,"minecraft:purple_dye":4,"minecraft:coal":74,"minecraft:end_rod":1,"minecraft:oxeye_daisy":5,"minecraft:golden_carrot":5,"minecraft:lodestone":1,"minecraft:cooked_salmon":3,"minecraft:diamond_helmet":1,"minecraft:potion":1,"minecraft:oak_stairs":5,"minecraft:iron_shovel":3,"minecraft:paper":27,"minecraft:string":52,"minecraft:spruce_sapling":16,"minecraft:stone_sword":7,"minecraft:bowl":2,"minecraft:iron_boots":1,"minecraft:stone_slab":6,"minecraft:name_tag":1,"minecraft:white_terracotta":2,"minecraft:nether_bricks":1,"minecraft:pumpkin_seeds":4,"minecraft:suspicious_stew":21,"minecraft:diamond_sword":2,"minecraft:potato":102,"minecraft:cobblestone_slab":2,"minecraft:stone":8,"minecraft:spruce_planks":61,"minecraft:diamond_pickaxe":3,"minecraft:redstone_torch":29,"minecraft:spider_eye":55,"minecraft:stone_bricks":11,"minecraft:light_gray_dye":1,"minecraft:sandstone":1,"minecraft:bow":10,"minecraft:magma_block":43,"minecraft:black_wool":1,"minecraft:brown_mushroom":3,"minecraft:soul_sand":1,"minecraft:birch_planks":10,"minecraft:diamond_axe":3,"minecraft:oak_log":2,"minecraft:baked_potato":2,"minecraft:ender_pearl":3404,"minecraft:netherite_upgrade_smithing_template":1,"minecraft:cobblestone_stairs":18,"minecraft:cracked_polished_blackstone_bricks":2,"minecraft:polished_blackstone_brick_stairs":1,"minecraft:mutton":1,"minecraft:gilded_blackstone":4,"minecraft:polished_blackstone_bricks":1,"minecraft:gravel":96,"minecraft:purpur_block":1,"minecraft:yellow_wool":1,"minecraft:beetroot":6,"minecraft:diamond_shovel":2,"minecraft:carrot":95,"minecraft:chainmail_chestplate":14,"minecraft:poppy":2620,"minecraft:leather_chestplate":1,"minecraft:gunpowder":9,"minecraft:beetroot_seeds":17,"minecraft:bee_nest":1,"minecraft:basalt":4,"minecraft:iron_bars":2,"minecraft:arrow":100,"minecraft:powered_rail":96,"minecraft:quartz":18,"minecraft:netherrack":61,"minecraft:firework_rocket":383,"minecraft:water_bucket":1,"minecraft:bread":210,"minecraft:oak_slab":5,"minecraft:lilac":1,"minecraft:mossy_cobblestone":117,"minecraft:minecart":2,"minecraft:diamond_leggings":3,"minecraft:activator_rail":37,"minecraft:spruce_stairs":2,"minecraft:grass_block":4,"minecraft:stick":99,"minecraft:diorite":3,"minecraft:nether_gold_ore":1,"minecraft:torch":32,"minecraft:nether_wart_block":4,"minecraft:iron_door":1,"minecraft:iron_leggings":1,"minecraft:iron_axe":1,"minecraft:pink_petals":2,"minecraft:dandelion":19,"minecraft:sweet_berries":15,"minecraft:oak_trapdoor":8,"minecraft:ender_chest":1,"minecraft:blaze_rod":3,"minecraft:raw_copper":3,"minecraft:raw_iron":3,"minecraft:wither_skeleton_skull":1,"minecraft:light_gray_wool":3,"minecraft:stripped_oak_log":6,"minecraft:glass_pane":1,"minecraft:flint_and_steel":7,"minecraft:shield":1,"minecraft:diamond_chestplate":3,"minecraft:dragon_egg":1,"minecraft:iron_chestplate":1,"minecraft:andesite":5,"minecraft:oak_sapling":3,"minecraft:golden_sword":3,"minecraft:diamond_boots":1,"minecraft:spruce_log":11,"minecraft:stone_pickaxe":2,"minecraft:wooden_pickaxe":3,"minecraft:nether_quartz_ore":18,"minecraft:magma_cream":6,"minecraft:white_stained_glass":4},"minecraft:picked_up":{"minecraft:iron_chestplate":1,"minecraft:suspicious_stew":16,"minecraft:anvil":2,"minecraft:stone_slab":6,"minecraft:smithing_table":1,"minecraft:lead":9,"minecraft:diamond_sword":5,"minecraft:oak_stairs":3,"minecraft:enchanted_book":18,"minecraft:purple_shulker_box":11,"minecraft:brewing_stand":4,"minecraft:golden_sword":2,"minecraft:string":63,"minecraft:soul_soil":10,"minecraft:cooked_salmon":7,"minecraft:beetroot":7,"minecraft:diamond_leggings":4,"minecraft:cobbled_deepslate":954,"minecraft:gold_nugget":437,"minecraft:spruce_planks":177,"minecraft:netherite_upgrade_smithing_template":1,"minecraft:composter":8,"minecraft:stone_sword":8,"minecraft:iron_block":2,"minecraft:end_rod":1,"minecraft:white_terracotta":2,"minecraft:blaze_rod":111,"minecraft:iron_bars":13,"minecraft:birch_log":5,"minecraft:magma_block":43,"minecraft:cooked_beef":20,"minecraft:iron_door":2,"minecraft:water_bucket":2,"minecraft:smoker":4,"minecraft:flint":32,"minecraft:lantern":24,"minecraft:diamond_helmet":3,"minecraft:stripped_spruce_log":2,"minecraft:granite":82,"minecraft:bread":52,"minecraft:diamond_pickaxe":6,"minecraft:crafting_table":16,"minecraft:bee_nest":1,"minecraft:nether_wart":4790,"minecraft:dragon_head":2,"minecraft:purpur_block":1,"minecraft:cornflower":2,"minecraft:elytra":3,"minecraft:flint_and_steel":10,"minecraft:white_carpet":22,"minecraft:white_stained_glass":149,"minecraft:iron_shovel":3,"minecraft:glass_pane":1,"minecraft:beef":29,"minecraft:poppy":636,"minecraft:spruce_slab":36,"minecraft:minecart":25,"minecraft:chest":12,"minecraft:egg":8,"minecraft:sandstone":1,"minecraft:stone":350,"minecraft:oak_door":13,"minecraft:fire_charge":1,"minecraft:white_dye":52,"minecraft:carrot":267,"minecraft:redstone":393,"minecraft:diamond_chestplate":3,"minecraft:beetroot_seeds":27,"minecraft:shears":3,"minecraft:deepslate_bricks":20,"minecraft:diamond_boots":3,"minecraft:purpur_slab":1,"minecraft:gold_ingot":11,"minecraft:mutton":14,"minecraft:white_wool":49,"minecraft:rail":291,"minecraft:bone_block":297,"minecraft:emerald_ore":3,"minecraft:oxeye_daisy":7,"minecraft:stripped_oak_log":6,"minecraft:purpur_stairs":1,"minecraft:oak_log":147,"minecraft:ancient_debris":2,"minecraft:golden_boots":3,"minecraft:stone_bricks":116,"minecraft:apple":88,"minecraft:pufferfish_bucket":1,"minecraft:glass_bottle":1,"minecraft:iron_sword":2,"minecraft:sweet_berries":16,"minecraft:gravel":144,"minecraft:spruce_sapling":626,"minecraft:spruce_log":7675,"minecraft:dragon_egg":1,"minecraft:firework_rocket":332,"minecraft:diamond_shovel":3,"minecraft:purple_bed":4,"minecraft:diamond_axe":4,"minecraft:lodestone":1,"minecraft:baked_potato":6,"minecraft:hopper":8,"minecraft:ender_pearl":2060,"minecraft:shulker_shell":31,"minecraft:wheat":163,"minecraft:redstone_block":25,"minecraft:nether_brick_fence":77,"minecraft:ender_chest":5,"minecraft:yellow_wool":1,"minecraft:gilded_blackstone":2,"minecraft:potion":9,"minecraft:smooth_stone_slab":103,"minecraft:experience_bottle":8,"minecraft:oak_sign":1,"minecraft:activator_rail":16,"minecraft:bucket":1,"minecraft:redstone_torch":37,"minecraft:cobblestone_slab":59,"minecraft:furnace":2,"minecraft:stick":464,"minecraft:oak_fence":12,"minecraft:torch":63,"minecraft:spruce_stairs":4,"minecraft:porkchop":3,"minecraft:diorite":54,"minecraft:nether_gold_ore":2,"minecraft:rotten_flesh":381,"minecraft:obsidian":10,"minecraft:cobblestone":1708,"minecraft:enchanting_table":3,"minecraft:pink_petals":6,"minecraft:magma_cream":35,"minecraft:andesite":46,"minecraft:potato":112,"minecraft:tuff":91,"minecraft:wither_skeleton_skull":2,"minecraft:lapis_lazuli":676,"minecraft:dirt":1773,"minecraft:name_tag":3,"minecraft:leather_boots":1,"minecraft:bone":263,"minecraft:bow":6,"minecraft:wheat_seeds":575,"minecraft:raw_gold":221,"minecraft:bell":2,"minecraft:grindstone":3,"minecraft:fletching_table":7,"minecraft:powered_rail":99,"minecraft:oak_planks":64,"minecraft:ghast_tear":1,"minecraft:sand":71,"minecraft:grass_block":1347,"minecraft:mossy_cobblestone":219,"minecraft:spruce_boat":22,"minecraft:diamond":48,"minecraft:crossbow":2,"minecraft:bone_meal":42,"minecraft:emerald":79,"minecraft:oak_sapling":8,"minecraft:netherrack":1231,"minecraft:end_stone_bricks":1,"minecraft:charcoal":8,"minecraft:azure_bluet":5,"minecraft:ladder":57,"minecraft:brown_mushroom":3,"minecraft:stone_brick_wall":64,"minecraft:shield":2,"minecraft:oak_trapdoor":18,"minecraft:iron_axe":1,"minecraft:blackstone":66,"minecraft:oak_boat":9,"minecraft:light_gray_wool":1,"minecraft:lectern":841,"minecraft:sugar_cane":1736,"minecraft:phantom_membrane":3,"minecraft:raw_iron":580,"minecraft:end_stone":92,"minecraft:cookie":144,"minecraft:arrow":180,"minecraft:nether_bricks":380,"minecraft:nether_brick_wall":1,"minecraft:purple_dye":3,"minecraft:basalt":73,"minecraft:golden_carrot":79,"minecraft:glow_ink_sac":2,"minecraft:salmon":13,"minecraft:leather":39,"minecraft:chainmail_chestplate":7,"minecraft:gunpowder":194,"minecraft:yellow_bed":20,"minecraft:nether_wart_block":1,"minecraft:cobblestone_wall":1,"minecraft:cobblestone_stairs":46,"minecraft:cooked_mutton":9,"minecraft:iron_ingot":7915,"minecraft:cooked_chicken":5,"minecraft:soul_sand":472,"minecraft:book":244,"minecraft:oak_slab":5,"minecraft:nether_quartz_ore":18,"minecraft:quartz":160,"minecraft:dandelion":22,"minecraft:blast_furnace":6,"minecraft:white_bed":30,"minecraft:spider_eye":46,"minecraft:pumpkin_seeds":1,"minecraft:campfire":7,"minecraft:iron_helmet":1,"minecraft:damaged_anvil":2,"minecraft:coal":405},"minecraft:used":{"minecraft:beetroot":1,"minecraft:nether_brick_fence":2,"minecraft:poppy":6,"minecraft:spruce_slab":41,"minecraft:ladder":4,"minecraft:elytra":80,"minecraft:chest":23,"minecraft:stone":12,"minecraft:soul_sand":329,"minecraft:azure_bluet":2,"minecraft:spruce_boat":20,"minecraft:lava_bucket":12,"minecraft:grass_block":1219,"minecraft:furnace":10,"minecraft:oak_sapling":5,"minecraft:egg":4,"minecraft:potato":41,"minecraft:emerald_ore":1,"minecraft:damaged_anvil":2,"minecraft:diorite":51,"minecraft:powered_rail":26,"minecraft:blackstone":2,"minecraft:wooden_pickaxe":17,"minecraft:leather_chestplate":1,"minecraft:composter":6,"minecraft:cookie":144,"minecraft:blast_furnace":10,"minecraft:lectern":846,"minecraft:fire_charge":2,"minecraft:nether_wart_block":1,"minecraft:diamond_sword":1856,"minecraft:smithing_table":1,"minecraft:white_stained_glass":481,"minecraft:oak_boat":10,"minecraft:oak_trapdoor":14,"minecraft:enchanting_table":3,"minecraft:iron_bars":2,"minecraft:stone_sword":30,"minecraft:cooked_salmon":1,"minecraft:netherrack":311,"minecraft:torch":56,"minecraft:brewing_stand":2,"minecraft:anvil":6,"minecraft:iron_axe":409,"minecraft:diamond_chestplate":73,"minecraft:basalt":44,"minecraft:cobbled_deepslate":214,"minecraft:wheat_seeds":170,"minecraft:water_bucket":42,"minecraft:nether_brick_wall":7,"minecraft:fletching_table":9,"minecraft:deepslate_bricks":54,"minecraft:rail":131,"minecraft:vine":1,"minecraft:crafting_table":15,"minecraft:white_bed":38,"minecraft:spruce_log":71,"minecraft:diamond_pickaxe":6336,"minecraft:oxeye_daisy":1,"minecraft:diamond_shovel":3207,"minecraft:iron_pickaxe":719,"minecraft:suspicious_stew":2,"minecraft:leather_helmet":1,"minecraft:spruce_sapling":359,"minecraft:cobblestone":554,"minecraft:purple_bed":5,"minecraft:dandelion":1,"minecraft:diamond_leggings":2,"minecraft:iron_shovel":125,"minecraft:oak_sign":10,"minecraft:bone_block":2,"minecraft:shield":59,"minecraft:purple_shulker_box":10,"minecraft:iron_sword":390,"minecraft:nether_wart":1026,"minecraft:nether_bricks":293,"minecraft:carrot":83,"minecraft:tuff":3,"minecraft:glass":17,"minecraft:lantern":17,"minecraft:iron_helmet":1,"minecraft:stone_bricks":117,"minecraft:birch_trapdoor":2,"minecraft:magma_block":1,"minecraft:beetroot_seeds":2,"minecraft:golden_boots":7,"minecraft:diamond_boots":2,"minecraft:stone_pickaxe":163,"minecraft:oak_planks":15,"minecraft:ender_pearl":45,"minecraft:diamond_axe":8495,"minecraft:sugar_cane":74,"minecraft:crossbow":15,"minecraft:end_stone":53,"minecraft:shears":6,"minecraft:redstone_torch":2,"minecraft:firework_rocket":280,"minecraft:iron_door":1,"minecraft:gravel":54,"minecraft:pufferfish_bucket":3,"minecraft:grindstone":3,"minecraft:andesite":41,"minecraft:smooth_stone_slab":425,"minecraft:tropical_fish_bucket":1,"minecraft:bone_meal":523,"minecraft:experience_bottle":12,"minecraft:flint_and_steel":186,"minecraft:spruce_planks":45,"minecraft:ender_chest":3,"minecraft:cooked_chicken":2,"minecraft:dirt":1883,"minecraft:hopper":21,"minecraft:spruce_stairs":18,"minecraft:cobblestone_wall":1,"minecraft:diamond_helmet":1,"minecraft:granite":27,"minecraft:bookshelf":56,"minecraft:iron_boots":6,"minecraft:golden_carrot":262,"minecraft:minecart":26,"minecraft:cooked_beef":32,"minecraft:cooked_mutton":22,"minecraft:iron_ore":18,"minecraft:cobblestone_stairs":7,"minecraft:baked_potato":8,"minecraft:cobblestone_slab":317,"minecraft:spider_eye":1,"minecraft:smoker":3,"minecraft:nether_gold_ore":1,"minecraft:stone_axe":118,"minecraft:pink_petals":4,"minecraft:bucket":85,"minecraft:yellow_bed":26},"minecraft:killed":{"minecraft:shulker":24,"minecraft:skeleton":62,"minecraft:chicken":1,"minecraft:magma_cube":23,"minecraft:salmon":14,"minecraft:iron_golem":50,"minecraft:zombie":130,"minecraft:cow":20,"minecraft:wandering_trader":1,"minecraft:enderman":1377,"minecraft:zombified_piglin":14,"minecraft:spider":30,"minecraft:piglin":3,"minecraft:pig":1,"minecraft:creeper":58,"minecraft:sheep":18,"minecraft:trader_llama":2,"minecraft:blaze":31,"minecraft:phantom":1,"minecraft:drowned":2,"minecraft:bat":1,"minecraft:wither_skeleton":27},"minecraft:broken":{"minecraft:iron_axe":1,"minecraft:stone_axe":1,"minecraft:flint_and_steel":2},"minecraft:mined":{"minecraft:dragon_wall_head":1,"minecraft:white_bed":25,"minecraft:obsidian":2,"minecraft:granite":64,"minecraft:deepslate_bricks":20,"minecraft:purpur_slab":1,"minecraft:hopper":8,"minecraft:nether_wart":738,"minecraft:oak_wall_sign":1,"minecraft:oxeye_daisy":3,"minecraft:spawner":3,"minecraft:weeping_vines_plant":1,"minecraft:tall_seagrass":2,"minecraft:magma_block":45,"minecraft:cobbled_deepslate":9,"minecraft:fire":83,"minecraft:fletching_table":7,"minecraft:deepslate_lapis_ore":34,"minecraft:enchanting_table":3,"minecraft:dirt_path":1052,"minecraft:oak_stairs":18,"minecraft:smoker":4,"minecraft:soul_fire":3,"minecraft:torch":10,"minecraft:blast_furnace":6,"minecraft:white_stained_glass_pane":10,"minecraft:glass":17,"minecraft:sugar_cane":865,"minecraft:damaged_anvil":2,"minecraft:white_terracotta":31,"minecraft:wheat":158,"minecraft:grass":263,"minecraft:deepslate":558,"minecraft:mossy_cobblestone":110,"minecraft:nether_brick_wall":1,"minecraft:end_stone":95,"minecraft:nether_bricks":327,"minecraft:redstone_ore":11,"minecraft:andesite":46,"minecraft:potatoes":32,"minecraft:cobblestone_slab":5,"minecraft:vine":39,"minecraft:rail":255,"minecraft:bone_block":157,"minecraft:white_wool":5,"minecraft:ender_chest":5,"minecraft:smithing_table":1,"minecraft:oak_slab":6,"minecraft:glass_pane":53,"minecraft:soul_sand":342,"minecraft:dandelion":11,"minecraft:cornflower":2,"minecraft:emerald_ore":3,"minecraft:tall_grass":55,"minecraft:copper_ore":4,"minecraft:deepslate_gold_ore":134,"minecraft:diorite":48,"minecraft:purple_bed":2,"minecraft:cobblestone_wall":2,"minecraft:spruce_log":7396,"minecraft:birch_leaves":4,"minecraft:gravel":83,"minecraft:stone_bricks":74,"minecraft:gold_ore":17,"minecraft:spruce_planks":11,"minecraft:farmland":10,"minecraft:cobblestone_stairs":45,"minecraft:brewing_stand":3,"minecraft:grass_block":1370,"minecraft:cracked_polished_blackstone_bricks":1,"minecraft:soul_soil":12,"minecraft:composter":7,"minecraft:iron_ore":167,"minecraft:anvil":2,"minecraft:azure_bluet":2,"minecraft:iron_bars":3,"minecraft:end_stone_bricks":1,"minecraft:spruce_slab":35,"minecraft:deepslate_redstone_ore":77,"minecraft:blackstone":3,"minecraft:purpur_stairs":1,"minecraft:poppy":2,"minecraft:chest":8,"minecraft:nether_quartz_ore":64,"minecraft:cobblestone":1130,"minecraft:grindstone":3,"minecraft:oak_planks":93,"minecraft:iron_door":2,"minecraft:wall_torch":8,"minecraft:pink_petals":1,"minecraft:powered_rail":33,"minecraft:nether_wart_block":1,"minecraft:yellow_wool":3,"minecraft:birch_log":5,"minecraft:activator_rail":1,"minecraft:purpur_block":1,"minecraft:smooth_stone_slab":95,"minecraft:yellow_stained_glass_pane":10,"minecraft:oak_log":162,"minecraft:beetroots":6,"minecraft:sand":25,"minecraft:dirt":515,"minecraft:netherrack":1061,"minecraft:oak_leaves":40,"minecraft:nether_gold_ore":49,"minecraft:tuff":26,"minecraft:deepslate_diamond_ore":20,"minecraft:oak_door":4,"minecraft:ladder":2,"minecraft:white_stained_glass":176,"minecraft:spruce_leaves":250,"minecraft:sandstone":2,"minecraft:oak_trapdoor":18,"minecraft:furnace":2,"minecraft:carrots":72,"minecraft:stripped_spruce_log":2,"minecraft:bell":1,"minecraft:nether_brick_fence":28,"minecraft:bookshelf":57,"minecraft:deepslate_iron_ore":223,"minecraft:lantern":1,"minecraft:stripped_oak_log":19,"minecraft:stone":856,"minecraft:magenta_stained_glass":3,"minecraft:basalt":73,"minecraft:oak_fence":18,"minecraft:crafting_table":14,"minecraft:lectern":841,"minecraft:lapis_ore":21,"minecraft:spruce_stairs":4,"minecraft:redstone_torch":11,"minecraft:sweet_berry_bush":4,"minecraft:bee_nest":1,"minecraft:yellow_bed":20,"minecraft:coal_ore":181,"minecraft:purple_shulker_box":11},"minecraft:custom":{"minecraft:interact_with_crafting_table":142,"minecraft:bell_ring":5,"minecraft:leave_game":65,"minecraft:time_since_death":42697,"minecraft:damage_blocked_by_shield":2995,"minecraft:play_time":2486524,"minecraft:deaths":3,"minecraft:jump":27041,"minecraft:enchant_item":35,"minecraft:interact_with_furnace":109,"minecraft:traded_with_villager":2330,"minecraft:sleep_in_bed":76,"minecraft:damage_dealt":146736,"minecraft:interact_with_smoker":16,"minecraft:horse_one_cm":75076,"minecraft:interact_with_smithing_table":2,"minecraft:interact_with_anvil":46,"minecraft:inspect_hopper":23,"minecraft:sneak_time":179966,"minecraft:interact_with_blast_furnace":165,"minecraft:total_world_time":2486524,"minecraft:interact_with_stonecutter":2,"minecraft:time_since_rest":29513,"minecraft:swim_one_cm":136696,"minecraft:fly_one_cm":5385183,"minecraft:open_chest":1464,"minecraft:fall_one_cm":716205,"minecraft:open_shulker_box":35,"minecraft:sprint_one_cm":4404481,"minecraft:drop":1176,"minecraft:talked_to_villager":2984,"minecraft:interact_with_brewingstand":1,"minecraft:walk_on_water_one_cm":134075,"minecraft:open_enderchest":17,"minecraft:crouch_one_cm":479111,"minecraft:mob_kills":1962,"minecraft:climb_one_cm":33749,"minecraft:walk_one_cm":1767078,"minecraft:walk_under_water_one_cm":47834,"minecraft:boat_one_cm":110479,"minecraft:interact_with_grindstone":16,"minecraft:damage_taken":20103,"minecraft:minecart_one_cm":13253,"minecraft:aviate_one_cm":9591237}},"DataVersion":3465}