{"stats":{"minecraft:crafted":{"minecraft:oak_planks":332,"minecraft:purple_bed":1,"minecraft:nether_brick":128,"minecraft:bookshelf":26,"minecraft:cooked_mutton":13,"minecraft:suspicious_stew":7,"minecraft:glass":144,"minecraft:nether_brick_wall":6,"minecraft:iron_boots":1,"minecraft:emerald":720,"minecraft:arrow":64,"minecraft:diamond_axe":1,"minecraft:crafting_table":3,"minecraft:spruce_planks":10968,"minecraft:wooden_pickaxe":1,"minecraft:clock":14,"minecraft:fletching_table":5,"minecraft:apple":48,"minecraft:iron_chestplate":1,"minecraft:paper":258,"minecraft:diamond_pickaxe":1,"minecraft:purple_dye":4,"minecraft:shield":2,"minecraft:stick":22018,"minecraft:iron_ingot":11,"minecraft:compass":4,"minecraft:iron_pickaxe":2,"minecraft:iron_block":3,"minecraft:gold_ingot":9,"minecraft:light_gray_dye":1,"minecraft:shears":1,"minecraft:golden_carrot":78,"minecraft:purple_wool":3,"minecraft:cookie":8,"minecraft:furnace":4,"minecraft:bone_meal":234,"minecraft:oak_trapdoor":2,"minecraft:flint_and_steel":1,"minecraft:lantern":24,"minecraft:spruce_stairs":16,"minecraft:iron_axe":2,"minecraft:stone_pickaxe":2,"minecraft:cooked_beef":12,"minecraft:red_dye":2,"minecraft:diamond_sword":1,"minecraft:iron_sword":2,"minecraft:nether_bricks":32,"minecraft:bucket":1,"minecraft:stone_axe":1,"minecraft:enchanted_book":23,"minecraft:bread":60,"minecraft:air":0,"minecraft:blue_dye":2,"minecraft:oak_boat":1,"minecraft:iron_leggings":1,"minecraft:anvil":1,"minecraft:white_bed":7,"minecraft:torch":36},"minecraft:dropped":{"minecraft:iron_sword":2,"minecraft:porkchop":3,"minecraft:glow_ink_sac":5,"minecraft:ender_pearl":3,"minecraft:cookie":144,"minecraft:cracked_stone_bricks":1,"minecraft:dirt":10,"minecraft:mutton":1,"minecraft:gold_nugget":4,"minecraft:bone_meal":2,"minecraft:iron_pickaxe":1,"minecraft:gravel":18,"minecraft:stone_axe":1,"minecraft:compass":4,"minecraft:yellow_wool":1,"minecraft:wheat":95,"minecraft:beetroot":6,"minecraft:rotten_flesh":41,"minecraft:azure_bluet":3,"minecraft:salmon":2,"minecraft:carrot":86,"minecraft:poppy":11,"minecraft:gunpowder":1,"minecraft:beetroot_seeds":17,"minecraft:arrow":7,"minecraft:water_bucket":1,"minecraft:enchanted_book":2,"minecraft:bread":95,"minecraft:wheat_seeds":203,"minecraft:clock":14,"minecraft:lilac":1,"minecraft:oak_fence":3,"minecraft:feather":6,"minecraft:cobblestone":1,"minecraft:apple":3,"minecraft:granite":11,"minecraft:purple_dye":1,"minecraft:spruce_stairs":2,"minecraft:grass_block":2,"minecraft:coal":74,"minecraft:oxeye_daisy":3,"minecraft:golden_carrot":3,"minecraft:torch":2,"minecraft:iron_axe":1,"minecraft:iron_shovel":2,"minecraft:paper":8,"minecraft:string":2,"minecraft:spruce_sapling":14,"minecraft:dandelion":13,"minecraft:sweet_berries":8,"minecraft:stone_sword":2,"minecraft:raw_copper":3,"minecraft:bowl":2,"minecraft:light_gray_wool":3,"minecraft:nether_bricks":1,"minecraft:suspicious_stew":21,"minecraft:potato":85,"minecraft:shield":1,"minecraft:spruce_planks":53,"minecraft:diamond_pickaxe":1,"minecraft:redstone_torch":1,"minecraft:spider_eye":1,"minecraft:stone_bricks":2,"minecraft:light_gray_dye":1,"minecraft:bow":5,"minecraft:stone_pickaxe":2,"minecraft:wooden_pickaxe":3,"minecraft:magma_block":1,"minecraft:black_wool":1},"minecraft:picked_up":{"minecraft:wheat":86,"minecraft:nether_brick_fence":2,"minecraft:suspicious_stew":16,"minecraft:yellow_wool":1,"minecraft:enchanted_book":2,"minecraft:beetroot":7,"minecraft:cobbled_deepslate":42,"minecraft:gold_nugget":85,"minecraft:spruce_planks":56,"minecraft:furnace":2,"minecraft:stick":164,"minecraft:composter":5,"minecraft:torch":10,"minecraft:spruce_stairs":4,"minecraft:porkchop":3,"minecraft:diorite":6,"minecraft:stone_sword":1,"minecraft:rotten_flesh":19,"minecraft:blaze_rod":8,"minecraft:cobblestone":239,"minecraft:enchanting_table":1,"minecraft:cooked_beef":20,"minecraft:magma_cream":1,"minecraft:water_bucket":1,"minecraft:smoker":3,"minecraft:potato":112,"minecraft:flint":11,"minecraft:lapis_lazuli":173,"minecraft:dirt":89,"minecraft:lantern":1,"minecraft:bone":13,"minecraft:bow":1,"minecraft:wheat_seeds":251,"minecraft:raw_gold":69,"minecraft:fletching_table":1,"minecraft:oak_planks":7,"minecraft:stripped_spruce_log":1,"minecraft:grass_block":4,"minecraft:diamond":10,"minecraft:granite":17,"minecraft:bone_meal":16,"minecraft:bread":33,"minecraft:oak_sapling":5,"minecraft:netherrack":196,"minecraft:diamond_pickaxe":1,"minecraft:crafting_table":6,"minecraft:azure_bluet":5,"minecraft:cornflower":2,"minecraft:oak_trapdoor":18,"minecraft:iron_shovel":1,"minecraft:blackstone":1,"minecraft:beef":29,"minecraft:oak_boat":9,"minecraft:poppy":10,"minecraft:light_gray_wool":1,"minecraft:lectern":38,"minecraft:sugar_cane":679,"minecraft:chest":1,"minecraft:phantom_membrane":1,"minecraft:egg":3,"minecraft:raw_iron":53,"minecraft:fire_charge":1,"minecraft:cookie":144,"minecraft:carrot":257,"minecraft:redstone":53,"minecraft:arrow":6,"minecraft:beetroot_seeds":18,"minecraft:nether_bricks":11,"minecraft:gold_ingot":2,"minecraft:mutton":14,"minecraft:nether_brick_wall":1,"minecraft:white_wool":22,"minecraft:bone_block":40,"minecraft:oxeye_daisy":5,"minecraft:basalt":54,"minecraft:golden_carrot":3,"minecraft:glow_ink_sac":2,"minecraft:salmon":1,"minecraft:leather":24,"minecraft:oak_log":79,"minecraft:golden_boots":1,"minecraft:yellow_bed":1,"minecraft:cooked_mutton":9,"minecraft:apple":6,"minecraft:stone_bricks":1,"minecraft:iron_ingot":55,"minecraft:cooked_chicken":5,"minecraft:iron_sword":1,"minecraft:book":33,"minecraft:sweet_berries":8,"minecraft:quartz":32,"minecraft:dandelion":11,"minecraft:gravel":72,"minecraft:spruce_sapling":248,"minecraft:blast_furnace":3,"minecraft:white_bed":6,"minecraft:spruce_log":2759,"minecraft:iron_helmet":1,"minecraft:coal":201,"minecraft:ender_pearl":3},"minecraft:used":{"minecraft:beetroot":1,"minecraft:nether_brick_fence":2,"minecraft:iron_shovel":49,"minecraft:poppy":2,"minecraft:shield":45,"minecraft:iron_sword":390,"minecraft:nether_bricks":39,"minecraft:carrot":82,"minecraft:azure_bluet":2,"minecraft:glass":17,"minecraft:lava_bucket":8,"minecraft:lantern":2,"minecraft:iron_helmet":1,"minecraft:furnace":6,"minecraft:oak_sapling":5,"minecraft:beetroot_seeds":2,"minecraft:egg":1,"minecraft:potato":37,"minecraft:golden_boots":7,"minecraft:diorite":6,"minecraft:stone_pickaxe":163,"minecraft:oak_planks":7,"minecraft:blackstone":1,"minecraft:wooden_pickaxe":17,"minecraft:composter":4,"minecraft:diamond_axe":2609,"minecraft:sugar_cane":65,"minecraft:cookie":144,"minecraft:blast_furnace":3,"minecraft:shears":6,"minecraft:lectern":42,"minecraft:gravel":54,"minecraft:diamond_sword":56,"minecraft:oak_boat":9,"minecraft:bone_meal":225,"minecraft:oak_trapdoor":14,"minecraft:enchanting_table":1,"minecraft:stone_sword":30,"minecraft:flint_and_steel":30,"minecraft:spruce_planks":16,"minecraft:cooked_chicken":2,"minecraft:netherrack":68,"minecraft:torch":31,"minecraft:dirt":93,"minecraft:anvil":1,"minecraft:spruce_stairs":18,"minecraft:granite":13,"minecraft:bookshelf":26,"minecraft:iron_axe":409,"minecraft:iron_boots":6,"minecraft:basalt":33,"minecraft:golden_carrot":13,"minecraft:cooked_beef":32,"minecraft:cobbled_deepslate":42,"minecraft:wheat_seeds":102,"minecraft:cooked_mutton":22,"minecraft:water_bucket":11,"minecraft:nether_brick_wall":7,"minecraft:fletching_table":3,"minecraft:crafting_table":7,"minecraft:white_bed":13,"minecraft:spruce_log":18,"minecraft:smoker":3,"minecraft:diamond_pickaxe":50,"minecraft:oxeye_daisy":1,"minecraft:iron_pickaxe":719,"minecraft:suspicious_stew":2,"minecraft:spruce_sapling":131,"minecraft:stone_axe":118,"minecraft:cobblestone":228,"minecraft:purple_bed":1,"minecraft:bucket":20,"minecraft:yellow_bed":1,"minecraft:dandelion":1},"minecraft:killed":{"minecraft:spider":1,"minecraft:skeleton":9,"minecraft:chicken":1,"minecraft:magma_cube":7,"minecraft:piglin":1,"minecraft:pig":1,"minecraft:iron_golem":14,"minecraft:sheep":18,"minecraft:zombie":16,"minecraft:cow":20,"minecraft:blaze":14,"minecraft:phantom":1,"minecraft:drowned":1,"minecraft:wither_skeleton":3,"minecraft:enderman":4},"minecraft:broken":{"minecraft:stone_axe":1,"minecraft:iron_axe":1},"minecraft:mined":{"minecraft:spruce_planks":4,"minecraft:white_bed":6,"minecraft:granite":13,"minecraft:grass_block":35,"minecraft:composter":5,"minecraft:oxeye_daisy":3,"minecraft:weeping_vines_plant":1,"minecraft:iron_ore":12,"minecraft:fire":39,"minecraft:fletching_table":1,"minecraft:deepslate_lapis_ore":19,"minecraft:azure_bluet":2,"minecraft:enchanting_table":1,"minecraft:dirt_path":4,"minecraft:deepslate_redstone_ore":11,"minecraft:blackstone":1,"minecraft:smoker":3,"minecraft:torch":3,"minecraft:blast_furnace":3,"minecraft:poppy":2,"minecraft:chest":1,"minecraft:glass":17,"minecraft:nether_quartz_ore":32,"minecraft:cobblestone":101,"minecraft:sugar_cane":365,"minecraft:oak_planks":7,"minecraft:wall_torch":1,"minecraft:yellow_wool":3,"minecraft:wheat":90,"minecraft:grass":93,"minecraft:oak_log":79,"minecraft:beetroots":6,"minecraft:dirt":51,"minecraft:netherrack":196,"minecraft:oak_leaves":38,"minecraft:deepslate":41,"minecraft:nether_gold_ore":22,"minecraft:deepslate_diamond_ore":10,"minecraft:nether_brick_wall":1,"minecraft:nether_bricks":11,"minecraft:spruce_leaves":93,"minecraft:oak_trapdoor":18,"minecraft:furnace":2,"minecraft:carrots":71,"minecraft:stripped_spruce_log":1,"minecraft:nether_brick_fence":2,"minecraft:bookshelf":11,"minecraft:potatoes":32,"minecraft:deepslate_iron_ore":40,"minecraft:stone":138,"minecraft:white_wool":5,"minecraft:basalt":54,"minecraft:dandelion":2,"minecraft:crafting_table":6,"minecraft:cornflower":2,"minecraft:lectern":38,"minecraft:tall_grass":20,"minecraft:lapis_ore":6,"minecraft:deepslate_gold_ore":68,"minecraft:diorite":6,"minecraft:spruce_stairs":4,"minecraft:sweet_berry_bush":4,"minecraft:spruce_log":2764,"minecraft:birch_leaves":3,"minecraft:yellow_bed":1,"minecraft:coal_ore":133,"minecraft:gravel":10,"minecraft:gold_ore":1},"minecraft:custom":{"minecraft:interact_with_crafting_table":43,"minecraft:bell_ring":5,"minecraft:leave_game":19,"minecraft:time_since_death":491177,"minecraft:sprint_one_cm":1091769,"minecraft:damage_blocked_by_shield":2625,"minecraft:drop":190,"minecraft:talked_to_villager":603,"minecraft:play_time":493104,"minecraft:deaths":1,"minecraft:jump":7582,"minecraft:walk_on_water_one_cm":46233,"minecraft:enchant_item":17,"minecraft:interact_with_furnace":34,"minecraft:traded_with_villager":897,"minecraft:sleep_in_bed":30,"minecraft:damage_dealt":28919,"minecraft:crouch_one_cm":81250,"minecraft:interact_with_smoker":13,"minecraft:horse_one_cm":617,"minecraft:mob_kills":121,"minecraft:interact_with_anvil":9,"minecraft:walk_one_cm":398732,"minecraft:sneak_time":43040,"minecraft:walk_under_water_one_cm":6121,"minecraft:boat_one_cm":28719,"minecraft:interact_with_blast_furnace":18,"minecraft:total_world_time":493104,"minecraft:interact_with_grindstone":7,"minecraft:time_since_rest":18884,"minecraft:damage_taken":3872,"minecraft:swim_one_cm":48982,"minecraft:fly_one_cm":1194218,"minecraft:open_chest":227,"minecraft:fall_one_cm":169339}},"DataVersion":3465}