{"stats":{"minecraft:crafted":{"minecraft:ender_chest":1,"minecraft:smooth_stone":192,"minecraft:oak_sign":9,"minecraft:red_sand":4,"minecraft:purple_bed":1,"minecraft:blaze_powder":2,"minecraft:bookshelf":58,"minecraft:nether_brick":128,"minecraft:cooked_mutton":13,"minecraft:shulker_box":1,"minecraft:glass":484,"minecraft:diamond_helmet":1,"minecraft:diamond_leggings":1,"minecraft:name_tag":3,"minecraft:furnace_minecart":1,"minecraft:emerald":1906,"minecraft:diamond_axe":2,"minecraft:clock":14,"minecraft:red_nether_bricks":278,"minecraft:fletching_table":5,"minecraft:campfire":13,"minecraft:tropical_fish_bucket":1,"minecraft:stone_brick_stairs":36,"minecraft:lectern":2,"minecraft:compass":4,"minecraft:iron_pickaxe":2,"minecraft:iron_block":1135,"minecraft:gold_ingot":135,"minecraft:light_gray_dye":1,"minecraft:spruce_fence_gate":11,"minecraft:golden_carrot":312,"minecraft:smooth_stone_slab":360,"minecraft:experience_bottle":12,"minecraft:pufferfish_bucket":1,"minecraft:yellow_bed":6,"minecraft:bone_meal":582,"minecraft:spruce_fence":18,"minecraft:vine":1,"minecraft:lantern":36,"minecraft:spruce_stairs":48,"minecraft:spruce_slab":138,"minecraft:ender_pearl":2,"minecraft:stone_pickaxe":2,"minecraft:diamond_boots":1,"minecraft:spruce_boat":2,"minecraft:redstone_block":43,"minecraft:crossbow":1,"minecraft:enchanted_book":53,"minecraft:white_stained_glass":376,"minecraft:birch_trapdoor":2,"minecraft:oak_stairs":72,"minecraft:iron_shovel":1,"minecraft:iron_leggings":1,"minecraft:white_bed":19,"minecraft:oak_planks":796,"minecraft:cobblestone_slab":336,"minecraft:sand":64,"minecraft:suspicious_stew":7,"minecraft:hopper":13,"minecraft:stone_brick_slab":84,"minecraft:nether_brick_wall":6,"minecraft:iron_boots":1,"minecraft:chest":31,"minecraft:rail":32,"minecraft:ender_eye":1,"minecraft:stone_bricks":428,"minecraft:oak_slab":108,"minecraft:arrow":80,"minecraft:crafting_table":11,"minecraft:spruce_planks":28468,"minecraft:wooden_pickaxe":1,"minecraft:baked_potato":6,"minecraft:chainmail_chestplate":7,"minecraft:birch_planks":20,"minecraft:apple":48,"minecraft:spruce_trapdoor":80,"minecraft:iron_chestplate":1,"minecraft:paper":1392,"minecraft:diamond_pickaxe":2,"minecraft:purple_dye":40,"minecraft:yellow_dye":6,"minecraft:shield":2,"minecraft:stick":55813,"minecraft:iron_ingot":397,"minecraft:deepslate_bricks":56,"minecraft:shears":2,"minecraft:purple_wool":3,"minecraft:cookie":8,"minecraft:furnace":13,"minecraft:stone_button":18,"minecraft:blast_furnace":4,"minecraft:glass_pane":224,"minecraft:oak_trapdoor":2,"minecraft:flint_and_steel":3,"minecraft:polished_deepslate":56,"minecraft:iron_axe":2,"minecraft:minecart":8,"minecraft:cooked_beef":12,"minecraft:red_dye":2,"minecraft:diamond_sword":1,"minecraft:powered_rail":60,"minecraft:iron_sword":2,"minecraft:nether_bricks":32,"minecraft:bucket":27,"minecraft:stone_axe":13,"minecraft:air":0,"minecraft:bread":156,"minecraft:blue_dye":2,"minecraft:oak_boat":2,"minecraft:white_dye":115,"minecraft:anvil":4,"minecraft:nether_wart_block":4,"minecraft:torch":36,"minecraft:diamond_chestplate":2,"minecraft:firework_rocket":504},"minecraft:killed_by":{"minecraft:player":1,"minecraft:skeleton":1},"minecraft:dropped":{"minecraft:iron_sword":3,"minecraft:porkchop":8,"minecraft:glow_ink_sac":5,"minecraft:crafting_table":2,"minecraft:emerald_ore":1,"minecraft:glass_bottle":1,"minecraft:diamond":26,"minecraft:crossbow":5,"minecraft:cookie":144,"minecraft:cracked_stone_bricks":1,"minecraft:purpur_stairs":1,"minecraft:elytra":1,"minecraft:rail":70,"minecraft:leather_helmet":1,"minecraft:red_mushroom":1,"minecraft:emerald":229,"minecraft:dirt":30,"minecraft:grass":1,"minecraft:stone_button":18,"minecraft:gold_nugget":283,"minecraft:bone_meal":5,"minecraft:bone_block":153,"minecraft:sand":13,"minecraft:iron_pickaxe":2,"minecraft:fishing_rod":2,"minecraft:bone":37,"minecraft:oak_door":11,"minecraft:stone_axe":13,"minecraft:compass":4,"minecraft:sugar_cane":5,"minecraft:ancient_debris":2,"minecraft:iron_nugget":25,"minecraft:cobbled_deepslate":21,"minecraft:wheat":172,"minecraft:rotten_flesh":577,"minecraft:oak_planks":35,"minecraft:end_stone":1,"minecraft:blaze_powder":2,"minecraft:azure_bluet":3,"minecraft:white_bed":5,"minecraft:salmon":2,"minecraft:leather_boots":1,"minecraft:ladder":6,"minecraft:leather_leggings":1,"minecraft:spruce_slab":13,"minecraft:end_stone_bricks":1,"minecraft:glass":7,"minecraft:campfire":13,"minecraft:egg":5,"minecraft:enchanted_book":16,"minecraft:golden_boots":3,"minecraft:iron_ingot":7499,"minecraft:wheat_seeds":501,"minecraft:clock":14,"minecraft:oak_fence":17,"minecraft:iron_helmet":1,"minecraft:feather":6,"minecraft:cobblestone":39,"minecraft:apple":5,"minecraft:granite":169,"minecraft:purple_dye":4,"minecraft:coal":74,"minecraft:end_rod":1,"minecraft:oxeye_daisy":5,"minecraft:golden_carrot":6,"minecraft:lodestone":1,"minecraft:cooked_salmon":3,"minecraft:diamond_helmet":1,"minecraft:potion":1,"minecraft:oak_stairs":5,"minecraft:white_banner":4,"minecraft:iron_shovel":3,"minecraft:paper":27,"minecraft:string":53,"minecraft:spruce_sapling":16,"minecraft:stone_brick_slab":2,"minecraft:snow_block":9,"minecraft:stone_sword":7,"minecraft:bowl":2,"minecraft:deepslate":10,"minecraft:iron_boots":1,"minecraft:stone_slab":6,"minecraft:name_tag":1,"minecraft:white_terracotta":2,"minecraft:nether_bricks":1,"minecraft:pumpkin_seeds":4,"minecraft:suspicious_stew":21,"minecraft:diamond_sword":3,"minecraft:potato":102,"minecraft:cobblestone_slab":2,"minecraft:stone":20,"minecraft:spruce_trapdoor":1,"minecraft:spruce_planks":61,"minecraft:diamond_pickaxe":3,"minecraft:redstone_torch":29,"minecraft:spider_eye":55,"minecraft:stone_bricks":11,"minecraft:light_gray_dye":1,"minecraft:sandstone":6,"minecraft:bow":11,"minecraft:magma_block":43,"minecraft:black_wool":1,"minecraft:birch_planks":10,"minecraft:soul_sand":1,"minecraft:brown_mushroom":3,"minecraft:diamond_axe":3,"minecraft:oak_log":2,"minecraft:baked_potato":2,"minecraft:ender_pearl":3404,"minecraft:netherite_upgrade_smithing_template":1,"minecraft:cobblestone_stairs":18,"minecraft:cracked_polished_blackstone_bricks":2,"minecraft:polished_blackstone_brick_stairs":1,"minecraft:mutton":1,"minecraft:gilded_blackstone":4,"minecraft:polished_blackstone_bricks":1,"minecraft:gravel":102,"minecraft:purpur_block":1,"minecraft:yellow_wool":1,"minecraft:beetroot":6,"minecraft:diamond_shovel":2,"minecraft:carrot":95,"minecraft:chainmail_chestplate":14,"minecraft:poppy":2620,"minecraft:leather_chestplate":1,"minecraft:gunpowder":10,"minecraft:beetroot_seeds":17,"minecraft:bee_nest":1,"minecraft:iron_ore":1,"minecraft:basalt":4,"minecraft:iron_bars":2,"minecraft:arrow":104,"minecraft:powered_rail":96,"minecraft:quartz":18,"minecraft:netherrack":61,"minecraft:firework_rocket":383,"minecraft:water_bucket":1,"minecraft:bread":210,"minecraft:oak_slab":5,"minecraft:lilac":1,"minecraft:mossy_cobblestone":117,"minecraft:minecart":2,"minecraft:diamond_leggings":3,"minecraft:activator_rail":37,"minecraft:spruce_stairs":2,"minecraft:grass_block":5,"minecraft:stick":99,"minecraft:diorite":21,"minecraft:nether_gold_ore":1,"minecraft:torch":32,"minecraft:nether_wart_block":4,"minecraft:iron_door":1,"minecraft:iron_leggings":1,"minecraft:iron_axe":1,"minecraft:pink_petals":2,"minecraft:dandelion":19,"minecraft:sweet_berries":15,"minecraft:oak_trapdoor":8,"minecraft:ender_chest":1,"minecraft:blaze_rod":3,"minecraft:raw_copper":3,"minecraft:raw_iron":3,"minecraft:wither_skeleton_skull":1,"minecraft:light_gray_wool":3,"minecraft:stripped_oak_log":6,"minecraft:glass_pane":1,"minecraft:flint_and_steel":7,"minecraft:deepslate_bricks":1,"minecraft:copper_ore":1,"minecraft:shield":1,"minecraft:diamond_chestplate":3,"minecraft:dragon_egg":1,"minecraft:iron_chestplate":1,"minecraft:andesite":5,"minecraft:oak_sapling":3,"minecraft:golden_sword":3,"minecraft:diamond_boots":1,"minecraft:spruce_log":11,"minecraft:stone_pickaxe":2,"minecraft:wooden_pickaxe":3,"minecraft:nether_quartz_ore":18,"minecraft:magma_cream":6,"minecraft:white_stained_glass":4},"minecraft:picked_up":{"minecraft:iron_chestplate":1,"minecraft:suspicious_stew":16,"minecraft:anvil":2,"minecraft:lead":9,"minecraft:smithing_table":1,"minecraft:stone_slab":6,"minecraft:diamond_sword":6,"minecraft:oak_stairs":5,"minecraft:enchanted_book":18,"minecraft:purple_shulker_box":11,"minecraft:brewing_stand":4,"minecraft:golden_sword":2,"minecraft:string":64,"minecraft:soul_soil":10,"minecraft:cooked_salmon":7,"minecraft:red_nether_bricks":51,"minecraft:beetroot":7,"minecraft:diamond_leggings":4,"minecraft:gold_nugget":437,"minecraft:cobbled_deepslate":1209,"minecraft:spruce_planks":177,"minecraft:netherite_upgrade_smithing_template":1,"minecraft:diamond_ore":1,"minecraft:composter":8,"minecraft:stone_sword":8,"minecraft:iron_block":2,"minecraft:end_rod":1,"minecraft:white_terracotta":2,"minecraft:blaze_rod":111,"minecraft:iron_bars":13,"minecraft:birch_log":5,"minecraft:magma_block":43,"minecraft:cooked_beef":20,"minecraft:iron_door":2,"minecraft:water_bucket":2,"minecraft:smoker":4,"minecraft:flint":32,"minecraft:lantern":24,"minecraft:diamond_helmet":3,"minecraft:stripped_spruce_log":2,"minecraft:deepslate":341,"minecraft:deepslate_gold_ore":34,"minecraft:granite":216,"minecraft:bread":52,"minecraft:diamond_pickaxe":6,"minecraft:crafting_table":16,"minecraft:bee_nest":1,"minecraft:nether_wart":4790,"minecraft:leather_leggings":1,"minecraft:dragon_head":2,"minecraft:purpur_block":1,"minecraft:cornflower":2,"minecraft:elytra":3,"minecraft:flint_and_steel":10,"minecraft:white_carpet":22,"minecraft:white_stained_glass":149,"minecraft:iron_shovel":3,"minecraft:glass_pane":2,"minecraft:deepslate_diamond_ore":23,"minecraft:beef":29,"minecraft:poppy":636,"minecraft:spruce_slab":44,"minecraft:minecart":25,"minecraft:chest":12,"minecraft:egg":8,"minecraft:copper_ore":6,"minecraft:sandstone":17,"minecraft:stone":1107,"minecraft:oak_door":13,"minecraft:spruce_fence":1,"minecraft:fire_charge":1,"minecraft:white_dye":52,"minecraft:carrot":267,"minecraft:redstone":393,"minecraft:diamond_chestplate":3,"minecraft:beetroot_seeds":27,"minecraft:deepslate_bricks":21,"minecraft:shears":3,"minecraft:diamond_boots":3,"minecraft:purpur_slab":1,"minecraft:gold_ingot":11,"minecraft:mutton":14,"minecraft:white_wool":49,"minecraft:bone_block":297,"minecraft:rail":291,"minecraft:emerald_ore":4,"minecraft:oxeye_daisy":7,"minecraft:stripped_oak_log":6,"minecraft:purpur_stairs":1,"minecraft:oak_log":424,"minecraft:ancient_debris":2,"minecraft:golden_boots":3,"minecraft:white_banner":6,"minecraft:apple":90,"minecraft:stone_bricks":119,"minecraft:pufferfish_bucket":1,"minecraft:iron_ore":1,"minecraft:glass_bottle":1,"minecraft:iron_sword":2,"minecraft:sweet_berries":16,"minecraft:gravel":150,"minecraft:spruce_sapling":626,"minecraft:spruce_log":7675,"minecraft:dragon_egg":1,"minecraft:firework_rocket":332,"minecraft:diamond_shovel":3,"minecraft:coal_ore":70,"minecraft:purple_bed":4,"minecraft:diamond_axe":4,"minecraft:deepslate_redstone_ore":13,"minecraft:gray_wool":117,"minecraft:lodestone":1,"minecraft:baked_potato":6,"minecraft:hopper":8,"minecraft:ender_pearl":2060,"minecraft:shulker_shell":31,"minecraft:wheat":163,"minecraft:ender_chest":5,"minecraft:redstone_block":25,"minecraft:nether_brick_fence":77,"minecraft:yellow_wool":1,"minecraft:potion":9,"minecraft:gilded_blackstone":2,"minecraft:stone_brick_stairs":13,"minecraft:deepslate_lapis_ore":5,"minecraft:smooth_stone_slab":103,"minecraft:experience_bottle":8,"minecraft:oak_sign":1,"minecraft:activator_rail":16,"minecraft:bucket":1,"minecraft:redstone_torch":37,"minecraft:cobblestone_slab":59,"minecraft:furnace":2,"minecraft:stick":488,"minecraft:oak_fence":12,"minecraft:torch":63,"minecraft:spruce_stairs":7,"minecraft:snow_block":9,"minecraft:porkchop":3,"minecraft:diorite":72,"minecraft:nether_gold_ore":2,"minecraft:rotten_flesh":392,"minecraft:deepslate_copper_ore":1,"minecraft:obsidian":10,"minecraft:cobblestone":1726,"minecraft:enchanting_table":3,"minecraft:pink_petals":6,"minecraft:magma_cream":35,"minecraft:andesite":66,"minecraft:potato":112,"minecraft:tuff":123,"minecraft:wither_skeleton_skull":2,"minecraft:lapis_lazuli":676,"minecraft:dirt":1802,"minecraft:name_tag":3,"minecraft:leather_boots":1,"minecraft:bone":270,"minecraft:bow":7,"minecraft:wheat_seeds":584,"minecraft:raw_gold":221,"minecraft:bell":2,"minecraft:grindstone":3,"minecraft:fletching_table":7,"minecraft:powered_rail":99,"minecraft:oak_planks":64,"minecraft:ghast_tear":1,"minecraft:sand":100,"minecraft:grass_block":1432,"minecraft:mossy_cobblestone":219,"minecraft:diamond":52,"minecraft:spruce_boat":22,"minecraft:crossbow":5,"minecraft:bone_meal":42,"minecraft:emerald":82,"minecraft:oak_sapling":58,"minecraft:netherrack":1231,"minecraft:end_stone_bricks":1,"minecraft:charcoal":8,"minecraft:azure_bluet":5,"minecraft:ladder":57,"minecraft:brown_mushroom":3,"minecraft:stone_brick_wall":64,"minecraft:shield":2,"minecraft:oak_trapdoor":18,"minecraft:iron_axe":1,"minecraft:blackstone":66,"minecraft:oak_boat":9,"minecraft:light_gray_wool":1,"minecraft:lectern":841,"minecraft:sugar_cane":1736,"minecraft:spruce_trapdoor":13,"minecraft:phantom_membrane":3,"minecraft:raw_iron":580,"minecraft:end_stone":92,"minecraft:cookie":144,"minecraft:arrow":184,"minecraft:nether_bricks":380,"minecraft:nether_brick_wall":1,"minecraft:purple_dye":3,"minecraft:basalt":73,"minecraft:golden_carrot":80,"minecraft:glow_ink_sac":2,"minecraft:salmon":13,"minecraft:leather":39,"minecraft:chainmail_chestplate":7,"minecraft:gunpowder":203,"minecraft:yellow_bed":20,"minecraft:nether_wart_block":1,"minecraft:cobblestone_wall":1,"minecraft:cobblestone_stairs":46,"minecraft:cooked_mutton":9,"minecraft:iron_ingot":7918,"minecraft:cooked_chicken":5,"minecraft:soul_sand":472,"minecraft:book":244,"minecraft:oak_slab":8,"minecraft:nether_quartz_ore":18,"minecraft:stone_brick_slab":2,"minecraft:quartz":160,"minecraft:dandelion":22,"minecraft:blast_furnace":6,"minecraft:white_bed":30,"minecraft:spider_eye":46,"minecraft:pumpkin_seeds":1,"minecraft:sculk_sensor":4,"minecraft:campfire":7,"minecraft:iron_helmet":1,"minecraft:damaged_anvil":2,"minecraft:coal":405},"minecraft:used":{"minecraft:beetroot":1,"minecraft:nether_brick_fence":2,"minecraft:elytra":84,"minecraft:spruce_slab":148,"minecraft:ladder":4,"minecraft:poppy":6,"minecraft:chest":23,"minecraft:stone":159,"minecraft:soul_sand":329,"minecraft:azure_bluet":2,"minecraft:spruce_boat":20,"minecraft:lava_bucket":12,"minecraft:deepslate_copper_ore":1,"minecraft:grass_block":1244,"minecraft:copper_ore":5,"minecraft:stone_brick_stairs":46,"minecraft:oak_sapling":55,"minecraft:furnace":10,"minecraft:egg":4,"minecraft:potato":41,"minecraft:emerald_ore":1,"minecraft:damaged_anvil":2,"minecraft:diorite":51,"minecraft:powered_rail":26,"minecraft:blackstone":2,"minecraft:leather_chestplate":1,"minecraft:wooden_pickaxe":17,"minecraft:composter":6,"minecraft:cookie":144,"minecraft:sand":21,"minecraft:blast_furnace":10,"minecraft:lectern":846,"minecraft:diamond_sword":2177,"minecraft:nether_wart_block":1,"minecraft:fire_charge":2,"minecraft:smithing_table":1,"minecraft:white_stained_glass":481,"minecraft:oak_boat":10,"minecraft:oak_trapdoor":14,"minecraft:iron_bars":2,"minecraft:enchanting_table":3,"minecraft:stone_sword":30,"minecraft:cooked_salmon":1,"minecraft:netherrack":311,"minecraft:torch":56,"minecraft:brewing_stand":2,"minecraft:anvil":6,"minecraft:iron_axe":409,"minecraft:diamond_chestplate":78,"minecraft:basalt":44,"minecraft:cobbled_deepslate":214,"minecraft:wheat_seeds":170,"minecraft:water_bucket":42,"minecraft:nether_brick_wall":7,"minecraft:fletching_table":9,"minecraft:spruce_fence_gate":9,"minecraft:deepslate_bricks":54,"minecraft:rail":131,"minecraft:vine":1,"minecraft:oak_slab":95,"minecraft:crafting_table":17,"minecraft:white_bed":38,"minecraft:spruce_log":71,"minecraft:oak_log":210,"minecraft:diamond_pickaxe":8913,"minecraft:oxeye_daisy":1,"minecraft:diamond_shovel":3632,"minecraft:iron_pickaxe":719,"minecraft:suspicious_stew":2,"minecraft:leather_helmet":1,"minecraft:spruce_trapdoor":80,"minecraft:spruce_sapling":359,"minecraft:cobblestone":572,"minecraft:purple_bed":5,"minecraft:glass_pane":79,"minecraft:dandelion":1,"minecraft:diamond_leggings":2,"minecraft:iron_shovel":125,"minecraft:oak_sign":10,"minecraft:bone_block":2,"minecraft:diamond_hoe":140,"minecraft:shield":59,"minecraft:nether_wart":1026,"minecraft:iron_sword":390,"minecraft:purple_shulker_box":10,"minecraft:nether_bricks":293,"minecraft:carrot":83,"minecraft:tuff":35,"minecraft:glass":17,"minecraft:lantern":17,"minecraft:iron_helmet":1,"minecraft:stone_bricks":277,"minecraft:birch_trapdoor":2,"minecraft:magma_block":1,"minecraft:beetroot_seeds":2,"minecraft:golden_boots":7,"minecraft:diamond_boots":2,"minecraft:stone_pickaxe":163,"minecraft:oak_planks":33,"minecraft:ender_pearl":52,"minecraft:sandstone":11,"minecraft:sugar_cane":74,"minecraft:diamond_axe":8818,"minecraft:crossbow":18,"minecraft:end_stone":53,"minecraft:shears":6,"minecraft:redstone_torch":2,"minecraft:firework_rocket":307,"minecraft:iron_door":1,"minecraft:deepslate":84,"minecraft:gravel":54,"minecraft:pufferfish_bucket":3,"minecraft:grindstone":3,"minecraft:andesite":61,"minecraft:smooth_stone_slab":425,"minecraft:tropical_fish_bucket":1,"minecraft:bone_meal":523,"minecraft:experience_bottle":12,"minecraft:flint_and_steel":187,"minecraft:spruce_planks":45,"minecraft:ender_chest":4,"minecraft:cooked_chicken":2,"minecraft:dirt":1886,"minecraft:hopper":21,"minecraft:spruce_stairs":46,"minecraft:cobblestone_wall":1,"minecraft:diamond_helmet":1,"minecraft:granite":28,"minecraft:spruce_fence":9,"minecraft:stone_brick_slab":56,"minecraft:bookshelf":56,"minecraft:oak_stairs":56,"minecraft:iron_boots":6,"minecraft:golden_carrot":289,"minecraft:minecart":26,"minecraft:cooked_beef":32,"minecraft:cooked_mutton":22,"minecraft:iron_ore":18,"minecraft:cobblestone_stairs":7,"minecraft:red_nether_bricks":51,"minecraft:baked_potato":8,"minecraft:cobblestone_slab":317,"minecraft:spider_eye":1,"minecraft:smoker":3,"minecraft:nether_gold_ore":1,"minecraft:stone_axe":118,"minecraft:pink_petals":4,"minecraft:bucket":85,"minecraft:yellow_bed":26,"minecraft:gray_wool":100},"minecraft:killed":{"minecraft:shulker":24,"minecraft:skeleton":68,"minecraft:chicken":1,"minecraft:magma_cube":23,"minecraft:salmon":14,"minecraft:iron_golem":50,"minecraft:pillager":11,"minecraft:zombie":138,"minecraft:cow":20,"minecraft:vindicator":1,"minecraft:wandering_trader":1,"minecraft:enderman":1377,"minecraft:zombified_piglin":14,"minecraft:spider":31,"minecraft:piglin":3,"minecraft:pig":1,"minecraft:creeper":64,"minecraft:sheep":18,"minecraft:trader_llama":2,"minecraft:blaze":31,"minecraft:phantom":1,"minecraft:drowned":2,"minecraft:bat":1,"minecraft:wither_skeleton":27},"minecraft:broken":{"minecraft:iron_axe":1,"minecraft:stone_axe":1,"minecraft:flint_and_steel":2},"minecraft:mined":{"minecraft:dragon_wall_head":1,"minecraft:white_bed":25,"minecraft:red_nether_bricks":51,"minecraft:obsidian":2,"minecraft:granite":209,"minecraft:deepslate_bricks":21,"minecraft:deepslate_tile_stairs":2,"minecraft:purpur_slab":1,"minecraft:hopper":8,"minecraft:nether_wart":738,"minecraft:oak_wall_sign":1,"minecraft:oxeye_daisy":3,"minecraft:spawner":3,"minecraft:weeping_vines_plant":1,"minecraft:tall_seagrass":2,"minecraft:magma_block":45,"minecraft:cobbled_deepslate":9,"minecraft:fire":84,"minecraft:fletching_table":7,"minecraft:deepslate_lapis_ore":39,"minecraft:enchanting_table":3,"minecraft:dirt_path":1052,"minecraft:oak_stairs":20,"minecraft:smoker":4,"minecraft:soul_fire":3,"minecraft:torch":10,"minecraft:blast_furnace":6,"minecraft:white_stained_glass_pane":10,"minecraft:glass":17,"minecraft:sugar_cane":865,"minecraft:damaged_anvil":2,"minecraft:white_terracotta":31,"minecraft:wheat":158,"minecraft:stone_brick_stairs":13,"minecraft:grass":306,"minecraft:deepslate":1757,"minecraft:mossy_cobblestone":110,"minecraft:nether_brick_wall":1,"minecraft:end_stone":95,"minecraft:nether_bricks":327,"minecraft:spruce_fence":1,"minecraft:redstone_ore":11,"minecraft:snow":1,"minecraft:andesite":79,"minecraft:potatoes":32,"minecraft:cobblestone_slab":5,"minecraft:vine":54,"minecraft:rail":255,"minecraft:bone_block":157,"minecraft:white_wool":5,"minecraft:ender_chest":5,"minecraft:smithing_table":1,"minecraft:oak_slab":8,"minecraft:glass_pane":58,"minecraft:soul_sand":342,"minecraft:dandelion":11,"minecraft:cornflower":2,"minecraft:emerald_ore":4,"minecraft:tall_grass":60,"minecraft:copper_ore":10,"minecraft:deepslate_gold_ore":168,"minecraft:diorite":66,"minecraft:purple_bed":2,"minecraft:cobblestone_wall":2,"minecraft:spruce_log":7396,"minecraft:birch_leaves":4,"minecraft:gravel":339,"minecraft:dripstone_block":4,"minecraft:cobweb":1,"minecraft:stone_bricks":77,"minecraft:gold_ore":17,"minecraft:spruce_planks":11,"minecraft:farmland":10,"minecraft:cobblestone_stairs":45,"minecraft:sculk_vein":17,"minecraft:brewing_stand":3,"minecraft:spruce_trapdoor":12,"minecraft:grass_block":1459,"minecraft:cracked_polished_blackstone_bricks":1,"minecraft:soul_soil":12,"minecraft:composter":7,"minecraft:sculk_catalyst":1,"minecraft:iron_ore":168,"minecraft:anvil":2,"minecraft:azure_bluet":2,"minecraft:iron_bars":3,"minecraft:end_stone_bricks":1,"minecraft:spruce_slab":41,"minecraft:deepslate_redstone_ore":90,"minecraft:blackstone":3,"minecraft:purpur_stairs":1,"minecraft:poppy":2,"minecraft:chest":8,"minecraft:nether_quartz_ore":64,"minecraft:cobblestone":1136,"minecraft:grindstone":3,"minecraft:oak_planks":93,"minecraft:iron_door":2,"minecraft:wall_torch":8,"minecraft:deepslate_copper_ore":1,"minecraft:pink_petals":1,"minecraft:powered_rail":33,"minecraft:nether_wart_block":1,"minecraft:yellow_wool":3,"minecraft:birch_log":5,"minecraft:activator_rail":1,"minecraft:purpur_block":1,"minecraft:smooth_stone_slab":95,"minecraft:yellow_stained_glass_pane":10,"minecraft:oak_log":431,"minecraft:beetroots":6,"minecraft:sand":53,"minecraft:dirt":543,"minecraft:netherrack":1061,"minecraft:oak_leaves":245,"minecraft:nether_gold_ore":49,"minecraft:diamond_ore":1,"minecraft:tuff":148,"minecraft:deepslate_diamond_ore":43,"minecraft:oak_door":4,"minecraft:ladder":2,"minecraft:white_stained_glass":176,"minecraft:spruce_leaves":250,"minecraft:sandstone":18,"minecraft:oak_trapdoor":18,"minecraft:furnace":2,"minecraft:carrots":72,"minecraft:stripped_spruce_log":2,"minecraft:bell":1,"minecraft:nether_brick_fence":28,"minecraft:bookshelf":57,"minecraft:deepslate_iron_ore":227,"minecraft:lantern":1,"minecraft:stripped_oak_log":19,"minecraft:stone":1649,"minecraft:magenta_stained_glass":3,"minecraft:snow_block":9,"minecraft:basalt":73,"minecraft:oak_fence":18,"minecraft:crafting_table":14,"minecraft:sculk_sensor":10,"minecraft:lectern":841,"minecraft:lapis_ore":21,"minecraft:sculk":124,"minecraft:spruce_stairs":7,"minecraft:gray_wool":120,"minecraft:redstone_torch":11,"minecraft:sweet_berry_bush":4,"minecraft:bee_nest":1,"minecraft:yellow_bed":20,"minecraft:coal_ore":251,"minecraft:purple_shulker_box":11},"minecraft:custom":{"minecraft:interact_with_crafting_table":172,"minecraft:bell_ring":5,"minecraft:leave_game":70,"minecraft:time_since_death":220885,"minecraft:damage_blocked_by_shield":2995,"minecraft:play_time":2664712,"minecraft:deaths":3,"minecraft:jump":29485,"minecraft:enchant_item":35,"minecraft:interact_with_furnace":113,"minecraft:traded_with_villager":2372,"minecraft:sleep_in_bed":82,"minecraft:damage_dealt":153542,"minecraft:interact_with_smoker":16,"minecraft:horse_one_cm":75076,"minecraft:interact_with_smithing_table":5,"minecraft:interact_with_anvil":46,"minecraft:inspect_hopper":23,"minecraft:sneak_time":227017,"minecraft:interact_with_blast_furnace":165,"minecraft:total_world_time":2664712,"minecraft:interact_with_stonecutter":2,"minecraft:time_since_rest":100592,"minecraft:swim_one_cm":151987,"minecraft:fly_one_cm":5784035,"minecraft:open_chest":1570,"minecraft:fall_one_cm":798293,"minecraft:open_shulker_box":35,"minecraft:sprint_one_cm":4944314,"minecraft:drop":1225,"minecraft:talked_to_villager":2996,"minecraft:interact_with_brewingstand":1,"minecraft:walk_on_water_one_cm":138608,"minecraft:open_enderchest":17,"minecraft:crouch_one_cm":659263,"minecraft:mob_kills":1997,"minecraft:climb_one_cm":36644,"minecraft:walk_one_cm":1968058,"minecraft:raid_win":1,"minecraft:walk_under_water_one_cm":49064,"minecraft:boat_one_cm":110479,"minecraft:interact_with_grindstone":16,"minecraft:damage_taken":21301,"minecraft:minecart_one_cm":13253,"minecraft:aviate_one_cm":10543621}},"DataVersion":3465}