{"stats":{"minecraft:crafted":{"minecraft:purple_wool":3,"minecraft:oak_planks":68,"minecraft:purple_bed":1,"minecraft:furnace":2,"minecraft:bookshelf":17,"minecraft:cooked_mutton":13,"minecraft:flint_and_steel":1,"minecraft:iron_boots":1,"minecraft:iron_axe":2,"minecraft:stone_pickaxe":2,"minecraft:cooked_beef":10,"minecraft:red_dye":2,"minecraft:crafting_table":2,"minecraft:spruce_planks":124,"minecraft:wooden_pickaxe":1,"minecraft:iron_sword":2,"minecraft:bucket":1,"minecraft:stone_axe":1,"minecraft:air":0,"minecraft:blue_dye":2,"minecraft:oak_boat":1,"minecraft:iron_chestplate":1,"minecraft:purple_dye":4,"minecraft:shield":1,"minecraft:stick":24,"minecraft:iron_ingot":11,"minecraft:iron_pickaxe":2,"minecraft:iron_leggings":1,"minecraft:light_gray_dye":1,"minecraft:white_bed":7,"minecraft:torch":36,"minecraft:shears":1},"minecraft:dropped":{"minecraft:bread":2,"minecraft:iron_sword":1,"minecraft:porkchop":3,"minecraft:wheat_seeds":44,"minecraft:lilac":1,"minecraft:glow_ink_sac":5,"minecraft:ender_pearl":3,"minecraft:oak_fence":3,"minecraft:feather":6,"minecraft:grass_block":2,"minecraft:coal":74,"minecraft:oxeye_daisy":1,"minecraft:dirt":7,"minecraft:mutton":1,"minecraft:iron_axe":1,"minecraft:iron_pickaxe":1,"minecraft:string":2,"minecraft:spruce_sapling":12,"minecraft:dandelion":12,"minecraft:gravel":2,"minecraft:stone_axe":1,"minecraft:sweet_berries":8,"minecraft:stone_sword":1,"minecraft:raw_copper":3,"minecraft:yellow_wool":1,"minecraft:wheat":11,"minecraft:rotten_flesh":26,"minecraft:light_gray_wool":3,"minecraft:azure_bluet":3,"minecraft:salmon":2,"minecraft:carrot":13,"minecraft:poppy":9,"minecraft:potato":10,"minecraft:shield":1,"minecraft:spider_eye":1,"minecraft:light_gray_dye":1,"minecraft:arrow":4,"minecraft:bow":3,"minecraft:wooden_pickaxe":3,"minecraft:stone_pickaxe":1,"minecraft:black_wool":1},"minecraft:picked_up":{"minecraft:crafting_table":6,"minecraft:wheat":2,"minecraft:azure_bluet":5,"minecraft:yellow_wool":1,"minecraft:cornflower":2,"minecraft:beetroot":1,"minecraft:cobbled_deepslate":42,"minecraft:beef":29,"minecraft:oak_boat":5,"minecraft:poppy":8,"minecraft:light_gray_wool":1,"minecraft:sugar_cane":76,"minecraft:chest":1,"minecraft:furnace":2,"minecraft:egg":3,"minecraft:stick":8,"minecraft:raw_iron":53,"minecraft:composter":1,"minecraft:torch":1,"minecraft:porkchop":3,"minecraft:diorite":6,"minecraft:carrot":4,"minecraft:redstone":53,"minecraft:arrow":4,"minecraft:rotten_flesh":13,"minecraft:beetroot_seeds":1,"minecraft:mutton":14,"minecraft:white_wool":22,"minecraft:cobblestone":112,"minecraft:oxeye_daisy":3,"minecraft:enchanting_table":1,"minecraft:cooked_beef":20,"minecraft:glow_ink_sac":2,"minecraft:salmon":1,"minecraft:leather":24,"minecraft:flint":1,"minecraft:oak_log":62,"minecraft:golden_boots":1,"minecraft:yellow_bed":1,"minecraft:lapis_lazuli":173,"minecraft:dirt":18,"minecraft:cooked_mutton":9,"minecraft:bone":8,"minecraft:apple":3,"minecraft:bow":1,"minecraft:wheat_seeds":21,"minecraft:raw_gold":69,"minecraft:iron_ingot":38,"minecraft:cooked_chicken":5,"minecraft:oak_planks":7,"minecraft:book":6,"minecraft:sweet_berries":8,"minecraft:dandelion":10,"minecraft:gravel":6,"minecraft:spruce_sapling":12,"minecraft:grass_block":4,"minecraft:white_bed":6,"minecraft:spruce_log":31,"minecraft:diamond":10,"minecraft:iron_helmet":1,"minecraft:granite":13,"minecraft:oak_sapling":5,"minecraft:coal":109,"minecraft:ender_pearl":3},"minecraft:used":{"minecraft:beetroot":1,"minecraft:enchanting_table":1,"minecraft:stone_sword":30,"minecraft:flint_and_steel":28,"minecraft:poppy":1,"minecraft:shield":40,"minecraft:iron_sword":204,"minecraft:cooked_chicken":1,"minecraft:torch":15,"minecraft:dirt":11,"minecraft:carrot":4,"minecraft:granite":13,"minecraft:azure_bluet":2,"minecraft:bookshelf":17,"minecraft:iron_axe":164,"minecraft:iron_helmet":1,"minecraft:iron_boots":5,"minecraft:oak_sapling":5,"minecraft:furnace":4,"minecraft:beetroot_seeds":2,"minecraft:egg":1,"minecraft:cooked_beef":21,"minecraft:cobbled_deepslate":42,"minecraft:golden_boots":5,"minecraft:cooked_mutton":10,"minecraft:wheat_seeds":10,"minecraft:water_bucket":6,"minecraft:diorite":6,"minecraft:stone_pickaxe":163,"minecraft:oak_planks":7,"minecraft:wooden_pickaxe":17,"minecraft:composter":1,"minecraft:sugar_cane":41,"minecraft:crafting_table":7,"minecraft:white_bed":13,"minecraft:shears":6,"minecraft:oxeye_daisy":1,"minecraft:iron_pickaxe":248,"minecraft:gravel":4,"minecraft:stone_axe":118,"minecraft:purple_bed":1,"minecraft:cobblestone":80,"minecraft:bucket":7,"minecraft:yellow_bed":1,"minecraft:oak_boat":5,"minecraft:dandelion":1},"minecraft:killed":{"minecraft:spider":1,"minecraft:skeleton":8,"minecraft:chicken":1,"minecraft:drowned":1,"minecraft:pig":1,"minecraft:iron_golem":9,"minecraft:sheep":18,"minecraft:zombie":13,"minecraft:cow":20,"minecraft:enderman":4},"minecraft:broken":{"minecraft:stone_axe":1},"minecraft:mined":{"minecraft:white_bed":6,"minecraft:deepslate_diamond_ore":10,"minecraft:granite":13,"minecraft:grass_block":6,"minecraft:spruce_leaves":40,"minecraft:composter":1,"minecraft:oxeye_daisy":2,"minecraft:furnace":2,"minecraft:carrots":1,"minecraft:iron_ore":12,"minecraft:fire":29,"minecraft:deepslate_lapis_ore":19,"minecraft:azure_bluet":2,"minecraft:enchanting_table":1,"minecraft:bookshelf":2,"minecraft:deepslate_iron_ore":40,"minecraft:stone":79,"minecraft:white_wool":5,"minecraft:deepslate_redstone_ore":11,"minecraft:dandelion":1,"minecraft:crafting_table":6,"minecraft:cornflower":2,"minecraft:torch":1,"minecraft:poppy":2,"minecraft:chest":1,"minecraft:tall_grass":16,"minecraft:cobblestone":33,"minecraft:lapis_ore":6,"minecraft:deepslate_gold_ore":68,"minecraft:sugar_cane":41,"minecraft:oak_planks":7,"minecraft:diorite":6,"minecraft:yellow_wool":3,"minecraft:wheat":3,"minecraft:sweet_berry_bush":4,"minecraft:spruce_log":31,"minecraft:birch_leaves":3,"minecraft:yellow_bed":1,"minecraft:grass":81,"minecraft:oak_log":62,"minecraft:coal_ore":69,"minecraft:gravel":7,"minecraft:dirt":12,"minecraft:gold_ore":1,"minecraft:oak_leaves":38,"minecraft:deepslate":41},"minecraft:custom":{"minecraft:interact_with_anvil":2,"minecraft:mob_kills":83,"minecraft:interact_with_crafting_table":27,"minecraft:leave_game":2,"minecraft:time_since_death":120019,"minecraft:sprint_one_cm":384065,"minecraft:walk_one_cm":104180,"minecraft:damage_blocked_by_shield":2520,"minecraft:drop":71,"minecraft:talked_to_villager":9,"minecraft:play_time":121946,"minecraft:deaths":1,"minecraft:sneak_time":12295,"minecraft:walk_under_water_one_cm":4184,"minecraft:boat_one_cm":28459,"minecraft:jump":2744,"minecraft:interact_with_blast_furnace":3,"minecraft:walk_on_water_one_cm":32449,"minecraft:enchant_item":9,"minecraft:total_world_time":121946,"minecraft:interact_with_furnace":19,"minecraft:interact_with_grindstone":1,"minecraft:sleep_in_bed":9,"minecraft:time_since_rest":884,"minecraft:damage_taken":2245,"minecraft:damage_dealt":19344,"minecraft:swim_one_cm":42705,"minecraft:fly_one_cm":534988,"minecraft:open_chest":76,"minecraft:crouch_one_cm":22032,"minecraft:interact_with_smoker":6,"minecraft:fall_one_cm":62394}},"DataVersion":3465}