{"stats":{"minecraft:crafted":{"minecraft:smooth_stone":6,"minecraft:oak_planks":88,"minecraft:cobblestone_slab":96,"minecraft:blaze_powder":6,"minecraft:cooked_chicken":5,"minecraft:furnace":2,"minecraft:blast_furnace":3,"minecraft:stone":9,"minecraft:bone_meal":144,"minecraft:diamond_shovel":1,"minecraft:cooked_mutton":32,"minecraft:flint_and_steel":1,"minecraft:iron_boots":1,"minecraft:iron_axe":1,"minecraft:stone_pickaxe":1,"minecraft:chest":4,"minecraft:ender_eye":4,"minecraft:smoker":3,"minecraft:golden_boots":2,"minecraft:cooked_beef":39,"minecraft:red_dye":1,"minecraft:bone_block":15,"minecraft:diamond_sword":1,"minecraft:emerald":14,"minecraft:cooked_porkchop":47,"minecraft:diamond_axe":1,"minecraft:crafting_table":4,"minecraft:spruce_planks":228,"minecraft:enchanting_table":1,"minecraft:wooden_pickaxe":1,"minecraft:iron_sword":1,"minecraft:red_bed":1,"minecraft:bucket":1,"minecraft:stone_axe":1,"minecraft:air":0,"minecraft:iron_chestplate":1,"minecraft:diamond_pickaxe":1,"minecraft:charcoal":2,"minecraft:shield":1,"minecraft:stick":496,"minecraft:iron_ingot":88,"minecraft:iron_pickaxe":1,"minecraft:iron_block":3,"minecraft:stone_sword":1,"minecraft:iron_shovel":1,"minecraft:iron_leggings":1,"minecraft:gold_ingot":69,"minecraft:anvil":1,"minecraft:white_bed":1,"minecraft:torch":32},"minecraft:killed_by":{"minecraft:creeper":1},"minecraft:dropped":{"minecraft:water_bucket":1,"minecraft:golden_boots":1,"minecraft:iron_sword":1,"minecraft:wheat_seeds":1,"minecraft:iron_helmet":1,"minecraft:flint":6,"minecraft:oak_stairs":1,"minecraft:bone_block":40,"minecraft:bucket":2,"minecraft:gold_ingot":61,"minecraft:gravel":1,"minecraft:sugar_cane":2,"minecraft:cooked_chicken":5,"minecraft:raw_iron":1,"minecraft:salmon":1,"minecraft:diamond_pickaxe":1,"minecraft:stone_pickaxe":1,"minecraft:quartz":6},"minecraft:picked_up":{"minecraft:crafting_table":3,"minecraft:wheat":4,"minecraft:chicken":5,"minecraft:yellow_wool":3,"minecraft:brown_mushroom":3,"minecraft:lead":2,"minecraft:wooden_pickaxe":2,"minecraft:oak_stairs":1,"minecraft:enchanted_book":1,"minecraft:string":15,"minecraft:red_bed":2,"minecraft:soul_soil":5,"minecraft:raw_copper":3,"minecraft:cracked_stone_bricks":1,"minecraft:cobbled_deepslate":34,"minecraft:smooth_stone":3,"minecraft:bucket":2,"minecraft:spruce_planks":1,"minecraft:beef":28,"minecraft:ender_eye":13,"minecraft:poppy":7,"minecraft:light_gray_wool":2,"minecraft:lectern":4,"minecraft:sugar_cane":117,"minecraft:furnace":10,"minecraft:phantom_membrane":1,"minecraft:egg":5,"minecraft:stick":25,"minecraft:raw_iron":147,"minecraft:oak_fence":3,"minecraft:torch":36,"minecraft:porkchop":47,"minecraft:fire_charge":1,"minecraft:diorite":2,"minecraft:carrot":14,"minecraft:arrow":16,"minecraft:rotten_flesh":22,"minecraft:beetroot_seeds":1,"minecraft:nether_bricks":3,"minecraft:gold_ingot":55,"minecraft:blaze_rod":10,"minecraft:obsidian":14,"minecraft:mutton":40,"minecraft:bone_block":104,"minecraft:white_wool":29,"minecraft:cobblestone":410,"minecraft:magma_block":1,"minecraft:cooked_beef":5,"minecraft:feather":6,"minecraft:basalt":33,"minecraft:lilac":1,"minecraft:glow_ink_sac":3,"minecraft:water_bucket":1,"minecraft:salmon":2,"minecraft:leather":15,"minecraft:potato":6,"minecraft:flint":7,"minecraft:tuff":20,"minecraft:oak_log":53,"minecraft:yellow_bed":4,"minecraft:gunpowder":9,"minecraft:lapis_lazuli":33,"minecraft:dirt":197,"minecraft:cooked_mutton":7,"minecraft:bone":28,"minecraft:stone_bricks":1,"minecraft:bow":4,"minecraft:wheat_seeds":54,"minecraft:bell":1,"minecraft:iron_ingot":23,"minecraft:stripped_oak_wood":1,"minecraft:oak_planks":1,"minecraft:soul_sand":6,"minecraft:book":294,"minecraft:sweet_berries":8,"minecraft:quartz":6,"minecraft:dandelion":3,"minecraft:gravel":84,"minecraft:spruce_sapling":29,"minecraft:blast_furnace":1,"minecraft:spruce_log":62,"minecraft:white_bed":2,"minecraft:spider_eye":1,"minecraft:diamond":16,"minecraft:granite":21,"minecraft:gray_wool":1,"minecraft:oak_sapling":2,"minecraft:netherrack":496,"minecraft:black_wool":1,"minecraft:coal":86,"minecraft:ender_pearl":4,"minecraft:diamond_pickaxe":1},"minecraft:used":{"minecraft:iron_shovel":131,"minecraft:stone_sword":46,"minecraft:flint_and_steel":5,"minecraft:enchanting_table":1,"minecraft:poppy":1,"minecraft:chest":4,"minecraft:shield":1,"minecraft:iron_sword":166,"minecraft:bell":1,"minecraft:netherrack":398,"minecraft:iron_chestplate":1,"minecraft:torch":45,"minecraft:dirt":183,"minecraft:anvil":1,"minecraft:tuff":20,"minecraft:granite":14,"minecraft:obsidian":10,"minecraft:iron_axe":79,"minecraft:iron_helmet":1,"minecraft:iron_boots":2,"minecraft:basalt":33,"minecraft:soul_soil":5,"minecraft:furnace":6,"minecraft:egg":7,"minecraft:cooked_beef":44,"minecraft:cobbled_deepslate":30,"minecraft:golden_boots":2,"minecraft:cooked_mutton":39,"minecraft:water_bucket":152,"minecraft:diorite":2,"minecraft:wooden_pickaxe":15,"minecraft:sugar_cane":20,"minecraft:diamond_axe":257,"minecraft:cobblestone_slab":64,"minecraft:white_wool":7,"minecraft:golden_apple":1,"minecraft:crafting_table":6,"minecraft:red_bed":3,"minecraft:blast_furnace":4,"minecraft:white_bed":2,"minecraft:spruce_log":5,"minecraft:smoker":3,"minecraft:oak_log":1,"minecraft:ender_eye":17,"minecraft:diamond_pickaxe":1183,"minecraft:diamond_shovel":170,"minecraft:bread":4,"minecraft:iron_pickaxe":178,"minecraft:gravel":77,"minecraft:spruce_sapling":5,"minecraft:stone_axe":78,"minecraft:diamond_sword":43,"minecraft:fishing_rod":21,"minecraft:cobblestone":170,"minecraft:cooked_porkchop":13,"minecraft:bucket":155,"minecraft:yellow_bed":4,"minecraft:bone_meal":7,"minecraft:gray_wool":1},"minecraft:killed":{"minecraft:spider":4,"minecraft:phantom":5,"minecraft:skeleton":22,"minecraft:horse":1,"minecraft:chicken":5,"minecraft:drowned":1,"minecraft:magma_cube":6,"minecraft:piglin":2,"minecraft:pig":24,"minecraft:salmon":1,"minecraft:iron_golem":6,"minecraft:wandering_trader":1,"minecraft:creeper":11,"minecraft:sheep":25,"minecraft:zombie":24,"minecraft:enderman":1,"minecraft:blaze":11,"minecraft:cow":17},"minecraft:mined":{"minecraft:tuff":21,"minecraft:spruce_planks":1,"minecraft:white_bed":2,"minecraft:dark_oak_leaves":2,"minecraft:deepslate_diamond_ore":16,"minecraft:obsidian":15,"minecraft:nether_bricks":3,"minecraft:granite":17,"minecraft:grass_block":175,"minecraft:soul_soil":5,"minecraft:spruce_leaves":8,"minecraft:spawner":2,"minecraft:magma_block":3,"minecraft:carrots":8,"minecraft:furnace":10,"minecraft:iron_ore":93,"minecraft:cobbled_deepslate":5,"minecraft:fire":13,"minecraft:bell":1,"minecraft:bookshelf":98,"minecraft:potatoes":3,"minecraft:dirt_path":3,"minecraft:deepslate_iron_ore":7,"minecraft:oak_stairs":1,"minecraft:stone":362,"minecraft:bone_block":108,"minecraft:white_wool":8,"minecraft:soul_sand":6,"minecraft:red_bed":2,"minecraft:blackstone":4,"minecraft:soul_fire":5,"minecraft:basalt":35,"minecraft:dandelion":2,"minecraft:oak_fence":3,"minecraft:crafting_table":3,"minecraft:torch":14,"minecraft:blast_furnace":1,"minecraft:lectern":4,"minecraft:copper_ore":1,"minecraft:tall_grass":29,"minecraft:cobblestone":41,"minecraft:deepslate_coal_ore":2,"minecraft:lapis_ore":5,"minecraft:oak_planks":1,"minecraft:sugar_cane":89,"minecraft:diorite":3,"minecraft:wall_torch":13,"minecraft:yellow_wool":3,"minecraft:wheat":14,"minecraft:lilac":1,"minecraft:spruce_log":62,"minecraft:birch_leaves":6,"minecraft:stripped_oak_wood":1,"minecraft:yellow_bed":4,"minecraft:grass":88,"minecraft:oak_log":53,"minecraft:coal_ore":19,"minecraft:beetroots":2,"minecraft:gravel":121,"minecraft:dirt":19,"minecraft:cobweb":9,"minecraft:cracked_stone_bricks":1,"minecraft:stone_bricks":1,"minecraft:netherrack":557,"minecraft:deepslate":29,"minecraft:oak_leaves":6},"minecraft:custom":{"minecraft:interact_with_anvil":7,"minecraft:mob_kills":171,"minecraft:interact_with_crafting_table":38,"minecraft:bell_ring":67,"minecraft:leave_game":2,"minecraft:time_since_death":278596,"minecraft:climb_one_cm":765,"minecraft:sprint_one_cm":759492,"minecraft:walk_one_cm":548928,"minecraft:damage_blocked_by_shield":25,"minecraft:drop":27,"minecraft:talked_to_villager":14,"minecraft:play_time":280978,"minecraft:sneak_time":26286,"minecraft:deaths":1,"minecraft:walk_under_water_one_cm":46997,"minecraft:jump":7511,"minecraft:interact_with_blast_furnace":14,"minecraft:enchant_item":6,"minecraft:walk_on_water_one_cm":93228,"minecraft:total_world_time":280978,"minecraft:interact_with_furnace":69,"minecraft:traded_with_villager":14,"minecraft:sleep_in_bed":5,"minecraft:time_since_rest":10564,"minecraft:damage_taken":6734,"minecraft:damage_absorbed":40,"minecraft:damage_dealt":29610,"minecraft:swim_one_cm":223766,"minecraft:fly_one_cm":1588024,"minecraft:open_chest":128,"minecraft:crouch_one_cm":85869,"minecraft:fall_one_cm":216776,"minecraft:interact_with_smoker":21}},"DataVersion":3465}