{"stats":{"minecraft:crafted":{"minecraft:ender_chest":1,"minecraft:smooth_stone":9,"minecraft:oak_planks":624,"minecraft:cobblestone_slab":408,"minecraft:blaze_powder":18,"minecraft:cooked_chicken":5,"minecraft:stone":15,"minecraft:diamond_shovel":1,"minecraft:bookshelf":5,"minecraft:shulker_box":1,"minecraft:cooked_mutton":32,"minecraft:glass":26,"minecraft:hopper":9,"minecraft:diamond_helmet":2,"minecraft:diamond_leggings":1,"minecraft:bow":4,"minecraft:iron_boots":14,"minecraft:chest":26,"minecraft:rail":192,"minecraft:ender_eye":10,"minecraft:stone_bricks":1505,"minecraft:name_tag":9,"minecraft:smoker":3,"minecraft:golden_boots":2,"minecraft:glass_bottle":21,"minecraft:dropper":1,"minecraft:oak_slab":6,"minecraft:arrow":192,"minecraft:emerald":1264,"minecraft:cooked_porkchop":47,"minecraft:diamond_axe":3,"minecraft:crafting_table":5,"minecraft:spruce_planks":18456,"minecraft:wooden_pickaxe":1,"minecraft:iron_helmet":1,"minecraft:chainmail_chestplate":8,"minecraft:smithing_table":1,"minecraft:fletching_table":4,"minecraft:brewing_stand":1,"minecraft:campfire":12,"minecraft:dispenser":3,"minecraft:lectern":3,"minecraft:iron_chestplate":2,"minecraft:paper":126,"minecraft:charcoal":2,"minecraft:diamond_pickaxe":4,"minecraft:purple_dye":2,"minecraft:shield":2,"minecraft:stick":37349,"minecraft:stone_slab":6,"minecraft:iron_ingot":276,"minecraft:iron_pickaxe":2,"minecraft:iron_block":6,"minecraft:stone_sword":1,"minecraft:gold_ingot":99,"minecraft:redstone_torch":46,"minecraft:netherite_ingot":11,"minecraft:shears":3,"minecraft:golden_carrot":36,"minecraft:redstone":76,"minecraft:fishing_rod":1,"minecraft:smooth_stone_slab":6,"minecraft:diamond_hoe":1,"minecraft:experience_bottle":34,"minecraft:furnace":3,"minecraft:blast_furnace":3,"minecraft:bone_meal":714,"minecraft:white_carpet":150,"minecraft:oak_trapdoor":14,"minecraft:flint_and_steel":2,"minecraft:iron_axe":12,"minecraft:spruce_wood":186,"minecraft:ladder":75,"minecraft:spruce_slab":18,"minecraft:ender_pearl":5,"minecraft:stone_pickaxe":3,"minecraft:diamond_boots":2,"minecraft:spruce_boat":1,"minecraft:netherite_scrap":46,"minecraft:minecart":4,"minecraft:observer":1,"minecraft:cooked_beef":39,"minecraft:red_dye":2,"minecraft:bone_block":22,"minecraft:diamond_sword":2,"minecraft:enchanting_table":1,"minecraft:powered_rail":60,"minecraft:activator_rail":36,"minecraft:purple_shulker_box":1,"minecraft:iron_sword":2,"minecraft:red_bed":1,"minecraft:bucket":4,"minecraft:stone_axe":11,"minecraft:glowstone":8,"minecraft:enchanted_book":35,"minecraft:air":0,"minecraft:bread":516,"minecraft:blue_dye":1,"minecraft:oak_boat":1,"minecraft:chainmail_boots":12,"minecraft:iron_shovel":1,"minecraft:iron_leggings":2,"minecraft:stonecutter":1,"minecraft:anvil":2,"minecraft:white_bed":2,"minecraft:torch":32,"minecraft:lapis_lazuli":12,"minecraft:diamond_chestplate":1,"minecraft:firework_rocket":396},"minecraft:killed_by":{"minecraft:creeper":1},"minecraft:dropped":{"minecraft:iron_sword":1,"minecraft:diamond_axe":4,"minecraft:oak_log":10,"minecraft:ender_pearl":5287,"minecraft:glass_bottle":5,"minecraft:diamond":2,"minecraft:netherite_upgrade_smithing_template":1,"minecraft:leather":15,"minecraft:rail":16,"minecraft:flint":6,"minecraft:emerald":6,"minecraft:dirt":194,"minecraft:bone_meal":50,"minecraft:bone_block":40,"minecraft:gold_ingot":71,"minecraft:bone":34,"minecraft:gravel":39,"minecraft:stone_axe":37,"minecraft:sugar_cane":3,"minecraft:ancient_debris":2,"minecraft:cooked_chicken":5,"minecraft:cobbled_deepslate":182,"minecraft:wheat":1,"minecraft:rotten_flesh":38,"minecraft:diamond_shovel":2,"minecraft:end_stone":2,"minecraft:blaze_powder":1,"minecraft:salmon":6,"minecraft:carrot":38,"minecraft:chainmail_chestplate":15,"minecraft:poppy":3,"minecraft:gunpowder":30,"minecraft:chainmail_boots":12,"minecraft:ladder":5,"minecraft:arrow":35,"minecraft:quartz":20,"minecraft:oak_leaves":6,"minecraft:netherrack":10,"minecraft:firework_rocket":202,"minecraft:water_bucket":1,"minecraft:enchanted_book":6,"minecraft:golden_boots":1,"minecraft:iron_ingot":41,"minecraft:bread":42,"minecraft:wheat_seeds":13,"minecraft:minecart":1,"minecraft:diamond_leggings":1,"minecraft:iron_helmet":1,"minecraft:cobblestone":14,"minecraft:book":20,"minecraft:coal":22,"minecraft:stick":18,"minecraft:golden_carrot":2,"minecraft:torch":1,"minecraft:lodestone":1,"minecraft:iron_door":2,"minecraft:diamond_helmet":1,"minecraft:potion":1,"minecraft:oak_stairs":1,"minecraft:iron_axe":10,"minecraft:string":22,"minecraft:bucket":2,"minecraft:spruce_sapling":110,"minecraft:oak_trapdoor":4,"minecraft:dragon_head":1,"minecraft:nether_wart":3,"minecraft:blaze_rod":9,"minecraft:raw_iron":1,"minecraft:white_carpet":6,"minecraft:iron_boots":12,"minecraft:name_tag":3,"minecraft:shears":1,"minecraft:flint_and_steel":4,"minecraft:filled_map":1,"minecraft:diamond_sword":1,"minecraft:cobblestone_slab":8,"minecraft:spruce_boat":2,"minecraft:diamond_chestplate":1,"minecraft:diamond_pickaxe":5,"minecraft:oak_sapling":1,"minecraft:spider_eye":1,"minecraft:stone_bricks":13,"minecraft:diamond_boots":2,"minecraft:spruce_log":128,"minecraft:purple_shulker_box":1,"minecraft:stone_pickaxe":1,"minecraft:magma_block":4,"minecraft:white_stained_glass":1},"minecraft:picked_up":{"minecraft:wheat":5,"minecraft:ender_chest":6,"minecraft:yellow_wool":3,"minecraft:lead":11,"minecraft:diamond_sword":3,"minecraft:oak_stairs":3,"minecraft:enchanted_book":3,"minecraft:purple_shulker_box":6,"minecraft:brewing_stand":2,"minecraft:golden_sword":2,"minecraft:polished_blackstone_brick_stairs":1,"minecraft:string":72,"minecraft:soul_soil":5,"minecraft:raw_copper":3,"minecraft:activator_rail":15,"minecraft:diamond_leggings":3,"minecraft:smooth_stone":3,"minecraft:gold_nugget":62,"minecraft:cobbled_deepslate":384,"minecraft:bucket":2,"minecraft:spruce_planks":86,"minecraft:redstone_torch":33,"minecraft:cobblestone_slab":9,"minecraft:ender_eye":13,"minecraft:netherite_upgrade_smithing_template":1,"minecraft:furnace":11,"minecraft:stick":198,"minecraft:oak_fence":15,"minecraft:torch":46,"minecraft:porkchop":52,"minecraft:diorite":53,"minecraft:rotten_flesh":105,"minecraft:end_rod":1,"minecraft:blaze_rod":27,"minecraft:obsidian":22,"minecraft:iron_bars":1,"minecraft:blaze_powder":1,"minecraft:cobblestone":515,"minecraft:cooked_beef":5,"minecraft:pink_petals":4,"minecraft:magma_block":14,"minecraft:leather_chestplate":1,"minecraft:feather":6,"minecraft:lilac":1,"minecraft:magma_cream":8,"minecraft:iron_door":2,"minecraft:water_bucket":2,"minecraft:andesite":16,"minecraft:potato":33,"minecraft:flint":28,"minecraft:tuff":108,"minecraft:wither_skeleton_skull":1,"minecraft:lapis_lazuli":33,"minecraft:dirt":958,"minecraft:lantern":1,"minecraft:name_tag":1,"minecraft:twisting_vines":3,"minecraft:leather_boots":1,"minecraft:bone":104,"minecraft:bow":4,"minecraft:wheat_seeds":105,"minecraft:bell":2,"minecraft:grindstone":1,"minecraft:fletching_table":10,"minecraft:diamond_helmet":2,"minecraft:powered_rail":192,"minecraft:oak_planks":12,"minecraft:ghast_tear":1,"minecraft:warped_wart_block":1,"minecraft:sand":11,"minecraft:stripped_spruce_log":1,"minecraft:dispenser":3,"minecraft:diamond":222,"minecraft:spruce_boat":4,"minecraft:cracked_polished_blackstone_bricks":2,"minecraft:granite":31,"minecraft:bone_meal":51,"minecraft:grass":60,"minecraft:emerald":210,"minecraft:bread":116,"minecraft:oak_sapling":3,"minecraft:netherrack":1857,"minecraft:oak_leaves":168,"minecraft:diamond_pickaxe":6,"minecraft:end_stone_bricks":1,"minecraft:charcoal":8,"minecraft:crafting_table":4,"minecraft:chicken":5,"minecraft:ladder":7,"minecraft:nether_wart":53,"minecraft:brown_mushroom":3,"minecraft:wooden_pickaxe":2,"minecraft:gold_block":28,"minecraft:dragon_head":3,"minecraft:purpur_block":1,"minecraft:cornflower":1,"minecraft:oak_trapdoor":3,"minecraft:red_bed":3,"minecraft:elytra":3,"minecraft:flint_and_steel":3,"minecraft:white_stained_glass":69,"minecraft:white_carpet":5,"minecraft:blackstone":73,"minecraft:cracked_stone_bricks":1,"minecraft:beef":28,"minecraft:oak_boat":21,"minecraft:observer":2,"minecraft:poppy":29,"minecraft:light_gray_wool":2,"minecraft:spruce_slab":2,"minecraft:minecart":16,"minecraft:lectern":114,"minecraft:sugar_cane":118,"minecraft:chest":2,"minecraft:phantom_membrane":2,"minecraft:egg":10,"minecraft:raw_iron":152,"minecraft:end_stone":12,"minecraft:stone":1697,"minecraft:fire_charge":1,"minecraft:polished_blackstone_bricks":1,"minecraft:carrot":192,"minecraft:redstone":5,"minecraft:arrow":77,"minecraft:weeping_vines":1,"minecraft:diamond_chestplate":3,"minecraft:beetroot_seeds":1,"minecraft:nether_bricks":13,"minecraft:diamond_boots":3,"minecraft:gold_ingot":99,"minecraft:mutton":40,"minecraft:bone_block":257,"minecraft:rail":179,"minecraft:white_wool":144,"minecraft:emerald_ore":1,"minecraft:basalt":67,"minecraft:golden_carrot":2,"minecraft:glow_ink_sac":3,"minecraft:salmon":17,"minecraft:leather":30,"minecraft:red_mushroom":1,"minecraft:oak_log":264,"minecraft:chainmail_chestplate":7,"minecraft:ancient_debris":46,"minecraft:yellow_bed":17,"minecraft:gunpowder":138,"minecraft:cooked_mutton":7,"minecraft:stone_bricks":92,"minecraft:iron_ingot":130,"minecraft:stripped_oak_wood":1,"minecraft:soul_sand":14,"minecraft:book":320,"minecraft:oak_slab":1,"minecraft:nether_quartz_ore":7,"minecraft:sweet_berries":8,"minecraft:quartz":162,"minecraft:dandelion":6,"minecraft:gravel":145,"minecraft:spruce_sapling":444,"minecraft:blast_furnace":2,"minecraft:white_bed":19,"minecraft:spruce_log":4919,"minecraft:spider_eye":28,"minecraft:dragon_egg":1,"minecraft:leather_helmet":1,"minecraft:firework_rocket":499,"minecraft:diamond_shovel":4,"minecraft:campfire":13,"minecraft:stone_axe":27,"minecraft:diamond_axe":5,"minecraft:gray_wool":1,"minecraft:warped_roots":12,"minecraft:lodestone":1,"minecraft:black_wool":1,"minecraft:warped_nylium":4,"minecraft:coal":135,"minecraft:shulker_shell":1,"minecraft:ender_pearl":3897},"minecraft:used":{"minecraft:iron_shovel":131,"minecraft:dispenser":3,"minecraft:elytra":60,"minecraft:spruce_slab":7,"minecraft:ladder":15,"minecraft:poppy":5,"minecraft:diamond_hoe":1,"minecraft:shield":5,"minecraft:chest":20,"minecraft:nether_wart":8,"minecraft:iron_sword":273,"minecraft:stone":73,"minecraft:purple_shulker_box":6,"minecraft:bell":1,"minecraft:grass":21,"minecraft:iron_chestplate":1,"minecraft:nether_bricks":5,"minecraft:carrot":127,"minecraft:tuff":20,"minecraft:obsidian":10,"minecraft:spruce_boat":3,"minecraft:glass":1,"minecraft:lava_bucket":6,"minecraft:lantern":4,"minecraft:warped_nylium":4,"minecraft:iron_helmet":1,"minecraft:stone_bricks":1540,"minecraft:magma_block":2,"minecraft:bow":89,"minecraft:furnace":7,"minecraft:egg":9,"minecraft:diorite":34,"minecraft:golden_boots":2,"minecraft:oak_planks":26,"minecraft:stone_pickaxe":88,"minecraft:powered_rail":123,"minecraft:ender_pearl":60,"minecraft:wooden_pickaxe":15,"minecraft:sugar_cane":20,"minecraft:diamond_axe":5442,"minecraft:golden_apple":3,"minecraft:white_wool":7,"minecraft:oak_leaves":165,"minecraft:blast_furnace":5,"minecraft:end_stone":8,"minecraft:shears":203,"minecraft:redstone_torch":47,"minecraft:firework_rocket":442,"minecraft:bread":275,"minecraft:lectern":113,"minecraft:gravel":77,"minecraft:diamond_sword":1170,"minecraft:oak_fence":4,"minecraft:air":3,"minecraft:oak_trapdoor":11,"minecraft:oak_boat":21,"minecraft:grindstone":1,"minecraft:smithing_table":1,"minecraft:white_stained_glass":39,"minecraft:bone_meal":379,"minecraft:experience_bottle":26,"minecraft:iron_bars":1,"minecraft:enchanting_table":1,"minecraft:stone_sword":46,"minecraft:flint_and_steel":59,"minecraft:redstone":5,"minecraft:spruce_planks":2,"minecraft:ender_chest":7,"minecraft:netherrack":980,"minecraft:torch":48,"minecraft:dragon_egg":1,"minecraft:brewing_stand":3,"minecraft:dirt":584,"minecraft:anvil":2,"minecraft:white_carpet":127,"minecraft:hopper":9,"minecraft:nether_quartz_ore":7,"minecraft:twisting_vines":2,"minecraft:granite":15,"minecraft:bookshelf":2,"minecraft:iron_axe":86,"minecraft:iron_boots":2,"minecraft:diamond_chestplate":60,"minecraft:basalt":85,"minecraft:soul_soil":5,"minecraft:minecart":11,"minecraft:cooked_beef":44,"minecraft:observer":2,"minecraft:cobbled_deepslate":37,"minecraft:cooked_mutton":39,"minecraft:water_bucket":211,"minecraft:glass_bottle":25,"minecraft:fletching_table":14,"minecraft:stonecutter":1,"minecraft:cobblestone_slab":173,"minecraft:rail":268,"minecraft:crafting_table":9,"minecraft:oak_slab":1,"minecraft:red_bed":4,"minecraft:white_bed":18,"minecraft:campfire":18,"minecraft:spruce_log":75,"minecraft:smoker":3,"minecraft:oak_log":18,"minecraft:ender_eye":22,"minecraft:activator_rail":15,"minecraft:diamond_pickaxe":8891,"minecraft:diamond_shovel":1077,"minecraft:iron_pickaxe":523,"minecraft:spruce_sapling":241,"minecraft:stone_axe":78,"minecraft:pink_petals":3,"minecraft:fishing_rod":27,"minecraft:cobblestone":288,"minecraft:potion":11,"minecraft:bucket":223,"minecraft:cooked_porkchop":18,"minecraft:yellow_bed":17,"minecraft:dandelion":2,"minecraft:gray_wool":1},"minecraft:killed":{"minecraft:spider":22,"minecraft:shulker":1,"minecraft:skeleton":38,"minecraft:chicken":5,"minecraft:piglin_brute":3,"minecraft:cat":1,"minecraft:magma_cube":22,"minecraft:piglin":23,"minecraft:pig":25,"minecraft:salmon":12,"minecraft:iron_golem":14,"minecraft:ender_dragon":1,"minecraft:creeper":66,"minecraft:sheep":25,"minecraft:trader_llama":4,"minecraft:zombie":50,"minecraft:ghast":1,"minecraft:blaze":14,"minecraft:cow":17,"minecraft:phantom":6,"minecraft:horse":1,"minecraft:drowned":2,"minecraft:bat":1,"minecraft:wandering_trader":2,"minecraft:wither_skeleton":4,"minecraft:villager":2,"minecraft:enderman":3534},"minecraft:broken":{"minecraft:flint_and_steel":1},"minecraft:mined":{"minecraft:dragon_wall_head":1,"minecraft:spruce_planks":3,"minecraft:white_bed":18,"minecraft:farmland":11,"minecraft:brewing_stand":2,"minecraft:obsidian":23,"minecraft:granite":26,"minecraft:grass_block":402,"minecraft:cracked_polished_blackstone_bricks":2,"minecraft:soul_soil":5,"minecraft:oxeye_daisy":1,"minecraft:nether_wart":37,"minecraft:spawner":4,"minecraft:polished_blackstone_bricks":1,"minecraft:weeping_vines_plant":1,"minecraft:magma_block":33,"minecraft:iron_ore":98,"minecraft:fire":29,"minecraft:cobbled_deepslate":7,"minecraft:fletching_table":10,"minecraft:twisting_vines":3,"minecraft:dirt_path":3,"minecraft:oak_stairs":3,"minecraft:iron_bars":1,"minecraft:end_stone_bricks":1,"minecraft:spruce_slab":2,"minecraft:red_bed":3,"minecraft:blackstone":100,"minecraft:twisting_vines_plant":1,"minecraft:crimson_nylium":1,"minecraft:soul_fire":5,"minecraft:purpur_stairs":1,"minecraft:torch":15,"minecraft:blast_furnace":2,"minecraft:poppy":1,"minecraft:chest":2,"minecraft:glass":1,"minecraft:nether_quartz_ore":184,"minecraft:cobblestone":66,"minecraft:oak_planks":7,"minecraft:sugar_cane":89,"minecraft:grindstone":1,"minecraft:iron_door":1,"minecraft:wall_torch":13,"minecraft:warped_nylium":40,"minecraft:powered_rail":27,"minecraft:yellow_wool":3,"minecraft:wheat":15,"minecraft:lilac":1,"minecraft:activator_rail":14,"minecraft:stripped_oak_wood":1,"minecraft:purpur_block":1,"minecraft:smooth_stone_slab":2,"minecraft:grass":221,"minecraft:oak_log":255,"minecraft:beetroots":2,"minecraft:sand":10,"minecraft:dirt":470,"minecraft:dispenser":3,"minecraft:ancient_debris":44,"minecraft:netherrack":5457,"minecraft:oak_leaves":209,"minecraft:deepslate":319,"minecraft:nether_gold_ore":7,"minecraft:diamond_ore":11,"minecraft:tuff":109,"minecraft:dark_oak_leaves":2,"minecraft:deepslate_diamond_ore":94,"minecraft:end_stone":7,"minecraft:nether_bricks":13,"minecraft:ladder":7,"minecraft:white_stained_glass":62,"minecraft:redstone_wire":2,"minecraft:spruce_leaves":76,"minecraft:oak_trapdoor":3,"minecraft:furnace":11,"minecraft:carrots":61,"minecraft:andesite":16,"minecraft:stripped_spruce_log":1,"minecraft:gold_block":32,"minecraft:bell":1,"minecraft:bookshelf":100,"minecraft:potatoes":12,"minecraft:deepslate_iron_ore":7,"minecraft:rail":89,"minecraft:stone":2130,"minecraft:bone_block":108,"minecraft:ender_chest":5,"minecraft:white_wool":8,"minecraft:redstone_wall_torch":1,"minecraft:soul_sand":18,"minecraft:basalt":73,"minecraft:observer":2,"minecraft:dandelion":6,"minecraft:oak_fence":3,"minecraft:crafting_table":4,"minecraft:cornflower":1,"minecraft:warped_roots":6,"minecraft:campfire":4,"minecraft:lectern":114,"minecraft:copper_ore":1,"minecraft:tall_grass":80,"minecraft:deepslate_coal_ore":2,"minecraft:lapis_ore":5,"minecraft:polished_blackstone_brick_stairs":1,"minecraft:diorite":54,"minecraft:warped_wart_block":1,"minecraft:purple_bed":2,"minecraft:redstone_torch":14,"minecraft:white_carpet":5,"minecraft:spruce_log":4823,"minecraft:birch_leaves":6,"minecraft:yellow_bed":17,"minecraft:coal_ore":30,"minecraft:end_rod":1,"minecraft:gravel":434,"minecraft:cobweb":9,"minecraft:purple_shulker_box":5,"minecraft:cracked_stone_bricks":1,"minecraft:stone_bricks":135},"minecraft:custom":{"minecraft:interact_with_crafting_table":148,"minecraft:open_shulker_box":33,"minecraft:bell_ring":67,"minecraft:leave_game":13,"minecraft:time_since_death":707552,"minecraft:sprint_one_cm":2406139,"minecraft:damage_blocked_by_shield":180,"minecraft:drop":639,"minecraft:talked_to_villager":554,"minecraft:play_time":1311622,"minecraft:deaths":5,"minecraft:jump":23156,"minecraft:interact_with_brewingstand":16,"minecraft:walk_on_water_one_cm":165234,"minecraft:enchant_item":7,"minecraft:interact_with_furnace":86,"minecraft:traded_with_villager":1556,"minecraft:sleep_in_bed":26,"minecraft:open_enderchest":83,"minecraft:damage_dealt":92580,"minecraft:player_kills":1,"minecraft:crouch_one_cm":690112,"minecraft:interact_with_smithing_table":1,"minecraft:inspect_dispenser":1,"minecraft:interact_with_smoker":27,"minecraft:horse_one_cm":141660,"minecraft:interact_with_anvil":56,"minecraft:mob_kills":3909,"minecraft:inspect_hopper":12,"minecraft:climb_one_cm":21529,"minecraft:walk_one_cm":2380913,"minecraft:sneak_time":214492,"minecraft:walk_under_water_one_cm":85546,"minecraft:boat_one_cm":137630,"minecraft:interact_with_blast_furnace":53,"minecraft:total_world_time":1311622,"minecraft:interact_with_grindstone":1,"minecraft:interact_with_stonecutter":4,"minecraft:time_since_rest":218865,"minecraft:damage_absorbed":80,"minecraft:damage_taken":20246,"minecraft:minecart_one_cm":55069,"minecraft:swim_one_cm":312622,"minecraft:fly_one_cm":5786145,"minecraft:open_chest":962,"minecraft:aviate_one_cm":10090345,"minecraft:fall_one_cm":599603}},"DataVersion":3465}