{"stats":{"minecraft:crafted":{"minecraft:oak_planks":84,"minecraft:smooth_stone":6,"minecraft:cooked_chicken":5,"minecraft:furnace":2,"minecraft:blast_furnace":3,"minecraft:stone":9,"minecraft:diamond_shovel":1,"minecraft:cooked_mutton":32,"minecraft:flint_and_steel":1,"minecraft:iron_boots":1,"minecraft:iron_axe":1,"minecraft:stone_pickaxe":1,"minecraft:chest":4,"minecraft:golden_boots":2,"minecraft:smoker":3,"minecraft:cooked_beef":39,"minecraft:red_dye":1,"minecraft:diamond_sword":1,"minecraft:cooked_porkchop":47,"minecraft:diamond_axe":1,"minecraft:crafting_table":3,"minecraft:enchanting_table":1,"minecraft:wooden_pickaxe":1,"minecraft:iron_sword":1,"minecraft:red_bed":1,"minecraft:bucket":1,"minecraft:stone_axe":1,"minecraft:air":0,"minecraft:iron_chestplate":1,"minecraft:diamond_pickaxe":1,"minecraft:charcoal":2,"minecraft:shield":1,"minecraft:stick":40,"minecraft:iron_ingot":88,"minecraft:iron_pickaxe":1,"minecraft:stone_sword":1,"minecraft:iron_block":3,"minecraft:iron_shovel":1,"minecraft:iron_leggings":1,"minecraft:gold_ingot":69,"minecraft:anvil":1,"minecraft:white_bed":1,"minecraft:torch":32},"minecraft:killed_by":{"minecraft:creeper":1},"minecraft:dropped":{"minecraft:water_bucket":1,"minecraft:golden_boots":1,"minecraft:iron_sword":1,"minecraft:iron_helmet":1,"minecraft:bucket":2,"minecraft:gold_ingot":61,"minecraft:sugar_cane":2,"minecraft:cooked_chicken":5,"minecraft:salmon":1,"minecraft:diamond_pickaxe":1,"minecraft:stone_pickaxe":1,"minecraft:quartz":6},"minecraft:picked_up":{"minecraft:crafting_table":3,"minecraft:wheat":4,"minecraft:chicken":5,"minecraft:yellow_wool":3,"minecraft:brown_mushroom":3,"minecraft:wooden_pickaxe":2,"minecraft:soul_soil":5,"minecraft:string":2,"minecraft:red_bed":2,"minecraft:raw_copper":3,"minecraft:cobbled_deepslate":34,"minecraft:smooth_stone":3,"minecraft:bucket":2,"minecraft:beef":28,"minecraft:poppy":6,"minecraft:light_gray_wool":2,"minecraft:lectern":4,"minecraft:sugar_cane":28,"minecraft:furnace":10,"minecraft:egg":4,"minecraft:stick":10,"minecraft:raw_iron":146,"minecraft:oak_fence":3,"minecraft:torch":35,"minecraft:fire_charge":1,"minecraft:porkchop":47,"minecraft:diorite":2,"minecraft:carrot":13,"minecraft:arrow":8,"minecraft:rotten_flesh":13,"minecraft:beetroot_seeds":1,"minecraft:nether_bricks":3,"minecraft:gold_ingot":55,"minecraft:blaze_rod":10,"minecraft:obsidian":14,"minecraft:mutton":40,"minecraft:bone_block":104,"minecraft:cobblestone":132,"minecraft:white_wool":29,"minecraft:magma_block":1,"minecraft:basalt":33,"minecraft:cooked_beef":5,"minecraft:feather":6,"minecraft:lilac":1,"minecraft:water_bucket":1,"minecraft:glow_ink_sac":3,"minecraft:salmon":2,"minecraft:leather":15,"minecraft:potato":6,"minecraft:flint":1,"minecraft:tuff":20,"minecraft:oak_log":42,"minecraft:yellow_bed":4,"minecraft:lapis_lazuli":33,"minecraft:dirt":125,"minecraft:cooked_mutton":7,"minecraft:bone":18,"minecraft:bow":2,"minecraft:wheat_seeds":34,"minecraft:bell":1,"minecraft:iron_ingot":19,"minecraft:stripped_oak_wood":1,"minecraft:soul_sand":6,"minecraft:book":48,"minecraft:sweet_berries":8,"minecraft:quartz":6,"minecraft:dandelion":3,"minecraft:gravel":22,"minecraft:spruce_sapling":12,"minecraft:blast_furnace":1,"minecraft:white_bed":2,"minecraft:spider_eye":1,"minecraft:diamond":16,"minecraft:granite":14,"minecraft:gray_wool":1,"minecraft:netherrack":489,"minecraft:oak_sapling":2,"minecraft:coal":83,"minecraft:black_wool":1,"minecraft:diamond_pickaxe":1,"minecraft:ender_pearl":4},"minecraft:used":{"minecraft:stone_sword":46,"minecraft:enchanting_table":1,"minecraft:iron_shovel":131,"minecraft:flint_and_steel":5,"minecraft:poppy":1,"minecraft:chest":4,"minecraft:iron_sword":166,"minecraft:bell":1,"minecraft:netherrack":263,"minecraft:iron_chestplate":1,"minecraft:torch":44,"minecraft:dirt":111,"minecraft:anvil":1,"minecraft:tuff":20,"minecraft:granite":14,"minecraft:obsidian":10,"minecraft:iron_axe":79,"minecraft:iron_helmet":1,"minecraft:iron_boots":2,"minecraft:basalt":33,"minecraft:soul_soil":5,"minecraft:furnace":6,"minecraft:egg":6,"minecraft:cooked_beef":30,"minecraft:cobbled_deepslate":30,"minecraft:golden_boots":2,"minecraft:cooked_mutton":39,"minecraft:water_bucket":44,"minecraft:diorite":2,"minecraft:wooden_pickaxe":15,"minecraft:diamond_axe":15,"minecraft:sugar_cane":20,"minecraft:white_wool":7,"minecraft:golden_apple":1,"minecraft:crafting_table":5,"minecraft:red_bed":3,"minecraft:blast_furnace":4,"minecraft:white_bed":2,"minecraft:smoker":3,"minecraft:oak_log":1,"minecraft:diamond_pickaxe":872,"minecraft:diamond_shovel":8,"minecraft:bread":4,"minecraft:iron_pickaxe":178,"minecraft:gravel":22,"minecraft:stone_axe":78,"minecraft:diamond_sword":8,"minecraft:cobblestone":93,"minecraft:bucket":46,"minecraft:yellow_bed":4,"minecraft:gray_wool":1},"minecraft:killed":{"minecraft:spider":1,"minecraft:skeleton":15,"minecraft:horse":1,"minecraft:chicken":5,"minecraft:magma_cube":6,"minecraft:piglin":2,"minecraft:pig":24,"minecraft:salmon":1,"minecraft:iron_golem":5,"minecraft:creeper":1,"minecraft:sheep":25,"minecraft:zombie":15,"minecraft:blaze":11,"minecraft:enderman":1,"minecraft:cow":17},"minecraft:mined":{"minecraft:tuff":21,"minecraft:white_bed":2,"minecraft:deepslate_diamond_ore":16,"minecraft:obsidian":15,"minecraft:nether_bricks":3,"minecraft:granite":10,"minecraft:grass_block":115,"minecraft:soul_soil":5,"minecraft:spawner":1,"minecraft:magma_block":1,"minecraft:furnace":10,"minecraft:carrots":6,"minecraft:iron_ore":92,"minecraft:cobbled_deepslate":5,"minecraft:fire":13,"minecraft:bell":1,"minecraft:bookshelf":16,"minecraft:potatoes":3,"minecraft:deepslate_iron_ore":7,"minecraft:dirt_path":2,"minecraft:stone":88,"minecraft:bone_block":108,"minecraft:white_wool":8,"minecraft:red_bed":2,"minecraft:soul_sand":6,"minecraft:soul_fire":5,"minecraft:basalt":35,"minecraft:dandelion":2,"minecraft:oak_fence":3,"minecraft:crafting_table":3,"minecraft:torch":14,"minecraft:blast_furnace":1,"minecraft:lectern":4,"minecraft:tall_grass":7,"minecraft:copper_ore":1,"minecraft:cobblestone":33,"minecraft:deepslate_coal_ore":2,"minecraft:lapis_ore":5,"minecraft:sugar_cane":26,"minecraft:diorite":3,"minecraft:wall_torch":12,"minecraft:yellow_wool":3,"minecraft:wheat":14,"minecraft:lilac":1,"minecraft:stripped_oak_wood":1,"minecraft:yellow_bed":4,"minecraft:grass":28,"minecraft:oak_log":42,"minecraft:coal_ore":16,"minecraft:beetroots":2,"minecraft:gravel":23,"minecraft:dirt":12,"minecraft:netherrack":549,"minecraft:oak_leaves":5,"minecraft:deepslate":29},"minecraft:custom":{"minecraft:mob_kills":134,"minecraft:interact_with_anvil":2,"minecraft:interact_with_crafting_table":36,"minecraft:bell_ring":67,"minecraft:leave_game":1,"minecraft:time_since_death":158386,"minecraft:sprint_one_cm":446570,"minecraft:walk_one_cm":331656,"minecraft:drop":18,"minecraft:talked_to_villager":6,"minecraft:play_time":160768,"minecraft:sneak_time":20056,"minecraft:deaths":1,"minecraft:walk_under_water_one_cm":21926,"minecraft:jump":4794,"minecraft:interact_with_blast_furnace":14,"minecraft:walk_on_water_one_cm":32363,"minecraft:enchant_item":6,"minecraft:total_world_time":160768,"minecraft:interact_with_furnace":69,"minecraft:sleep_in_bed":3,"minecraft:time_since_rest":67552,"minecraft:damage_taken":5088,"minecraft:damage_absorbed":40,"minecraft:damage_dealt":21175,"minecraft:swim_one_cm":53188,"minecraft:fly_one_cm":920566,"minecraft:open_chest":73,"minecraft:crouch_one_cm":62200,"minecraft:interact_with_smoker":20,"minecraft:fall_one_cm":142398}},"DataVersion":3465}