{"stats":{"minecraft:crafted":{"minecraft:oak_planks":344,"minecraft:smooth_stone":9,"minecraft:cobblestone_slab":408,"minecraft:blaze_powder":14,"minecraft:cooked_chicken":5,"minecraft:stone":15,"minecraft:diamond_shovel":1,"minecraft:bookshelf":5,"minecraft:shulker_box":1,"minecraft:cooked_mutton":32,"minecraft:glass":10,"minecraft:diamond_helmet":2,"minecraft:bow":4,"minecraft:diamond_leggings":1,"minecraft:iron_boots":14,"minecraft:chest":7,"minecraft:ender_eye":10,"minecraft:stone_bricks":1441,"minecraft:name_tag":5,"minecraft:smoker":3,"minecraft:golden_boots":2,"minecraft:glass_bottle":6,"minecraft:dropper":1,"minecraft:oak_slab":6,"minecraft:arrow":192,"minecraft:emerald":1140,"minecraft:cooked_porkchop":47,"minecraft:diamond_axe":3,"minecraft:crafting_table":5,"minecraft:spruce_planks":16896,"minecraft:wooden_pickaxe":1,"minecraft:iron_helmet":1,"minecraft:chainmail_chestplate":8,"minecraft:smithing_table":1,"minecraft:brewing_stand":1,"minecraft:dispenser":3,"minecraft:lectern":3,"minecraft:iron_chestplate":2,"minecraft:diamond_pickaxe":4,"minecraft:paper":126,"minecraft:charcoal":2,"minecraft:purple_dye":2,"minecraft:shield":2,"minecraft:stick":34153,"minecraft:stone_slab":6,"minecraft:iron_ingot":220,"minecraft:iron_pickaxe":2,"minecraft:iron_block":6,"minecraft:stone_sword":1,"minecraft:gold_ingot":69,"minecraft:redstone_torch":1,"minecraft:shears":2,"minecraft:golden_carrot":36,"minecraft:redstone":22,"minecraft:fishing_rod":1,"minecraft:smooth_stone_slab":6,"minecraft:diamond_hoe":1,"minecraft:experience_bottle":26,"minecraft:furnace":3,"minecraft:blast_furnace":3,"minecraft:bone_meal":606,"minecraft:white_carpet":150,"minecraft:flint_and_steel":1,"minecraft:iron_axe":12,"minecraft:spruce_wood":186,"minecraft:ladder":60,"minecraft:spruce_slab":18,"minecraft:ender_pearl":5,"minecraft:stone_pickaxe":3,"minecraft:diamond_boots":2,"minecraft:observer":1,"minecraft:cooked_beef":39,"minecraft:red_dye":2,"minecraft:bone_block":22,"minecraft:diamond_sword":2,"minecraft:enchanting_table":1,"minecraft:purple_shulker_box":1,"minecraft:iron_sword":2,"minecraft:red_bed":1,"minecraft:bucket":3,"minecraft:stone_axe":11,"minecraft:glowstone":8,"minecraft:enchanted_book":33,"minecraft:bread":324,"minecraft:air":0,"minecraft:blue_dye":1,"minecraft:oak_boat":1,"minecraft:chainmail_boots":12,"minecraft:iron_shovel":1,"minecraft:stonecutter":1,"minecraft:iron_leggings":2,"minecraft:anvil":2,"minecraft:white_bed":2,"minecraft:torch":32,"minecraft:lapis_lazuli":12,"minecraft:diamond_chestplate":1,"minecraft:firework_rocket":309,"minecraft:ender_chest":1},"minecraft:killed_by":{"minecraft:creeper":1},"minecraft:dropped":{"minecraft:iron_sword":1,"minecraft:diamond_axe":4,"minecraft:oak_log":10,"minecraft:ender_pearl":4,"minecraft:glass_bottle":2,"minecraft:diamond":2,"minecraft:leather":15,"minecraft:flint":6,"minecraft:emerald":6,"minecraft:dirt":1,"minecraft:bone_meal":50,"minecraft:bone_block":40,"minecraft:gold_ingot":71,"minecraft:bone":32,"minecraft:gravel":1,"minecraft:stone_axe":37,"minecraft:sugar_cane":3,"minecraft:cooked_chicken":5,"minecraft:rotten_flesh":2,"minecraft:diamond_shovel":2,"minecraft:end_stone":2,"minecraft:blaze_powder":1,"minecraft:salmon":6,"minecraft:chainmail_chestplate":15,"minecraft:poppy":3,"minecraft:gunpowder":30,"minecraft:chainmail_boots":12,"minecraft:arrow":5,"minecraft:quartz":20,"minecraft:netherrack":3,"minecraft:firework_rocket":186,"minecraft:water_bucket":1,"minecraft:enchanted_book":6,"minecraft:golden_boots":1,"minecraft:iron_ingot":41,"minecraft:wheat_seeds":5,"minecraft:diamond_leggings":1,"minecraft:iron_helmet":1,"minecraft:cobblestone":14,"minecraft:book":20,"minecraft:stick":17,"minecraft:golden_carrot":2,"minecraft:torch":1,"minecraft:iron_door":2,"minecraft:diamond_helmet":1,"minecraft:potion":1,"minecraft:oak_stairs":1,"minecraft:iron_axe":10,"minecraft:bucket":2,"minecraft:spruce_sapling":110,"minecraft:dragon_head":1,"minecraft:blaze_rod":9,"minecraft:raw_iron":1,"minecraft:iron_boots":12,"minecraft:shears":1,"minecraft:flint_and_steel":1,"minecraft:filled_map":1,"minecraft:diamond_sword":1,"minecraft:cobblestone_slab":8,"minecraft:spruce_boat":2,"minecraft:diamond_chestplate":1,"minecraft:diamond_pickaxe":5,"minecraft:stone_bricks":8,"minecraft:spruce_log":128,"minecraft:diamond_boots":2,"minecraft:stone_pickaxe":1},"minecraft:picked_up":{"minecraft:shulker_shell":1,"minecraft:wheat":4,"minecraft:ender_chest":2,"minecraft:yellow_wool":3,"minecraft:lead":11,"minecraft:diamond_sword":3,"minecraft:oak_stairs":1,"minecraft:enchanted_book":3,"minecraft:purple_shulker_box":3,"minecraft:brewing_stand":2,"minecraft:golden_sword":1,"minecraft:string":25,"minecraft:raw_copper":3,"minecraft:soul_soil":5,"minecraft:diamond_leggings":3,"minecraft:cobbled_deepslate":34,"minecraft:smooth_stone":3,"minecraft:bucket":2,"minecraft:spruce_planks":86,"minecraft:cobblestone_slab":9,"minecraft:ender_eye":13,"minecraft:furnace":11,"minecraft:stick":193,"minecraft:oak_fence":15,"minecraft:torch":41,"minecraft:porkchop":52,"minecraft:diorite":2,"minecraft:rotten_flesh":46,"minecraft:end_rod":1,"minecraft:blaze_rod":27,"minecraft:obsidian":22,"minecraft:blaze_powder":1,"minecraft:cobblestone":448,"minecraft:magma_block":10,"minecraft:cooked_beef":5,"minecraft:feather":6,"minecraft:lilac":1,"minecraft:magma_cream":5,"minecraft:iron_door":2,"minecraft:water_bucket":2,"minecraft:potato":33,"minecraft:flint":7,"minecraft:tuff":20,"minecraft:wither_skeleton_skull":1,"minecraft:lapis_lazuli":33,"minecraft:dirt":394,"minecraft:lantern":1,"minecraft:twisting_vines":3,"minecraft:bone":84,"minecraft:bow":4,"minecraft:wheat_seeds":81,"minecraft:bell":2,"minecraft:grindstone":1,"minecraft:fletching_table":9,"minecraft:diamond_helmet":2,"minecraft:oak_planks":10,"minecraft:warped_wart_block":1,"minecraft:sand":10,"minecraft:stripped_spruce_log":1,"minecraft:dispenser":3,"minecraft:diamond":18,"minecraft:spruce_boat":2,"minecraft:granite":21,"minecraft:grass":1,"minecraft:oak_leaves":165,"minecraft:bone_meal":51,"minecraft:emerald":210,"minecraft:bread":74,"minecraft:oak_sapling":2,"minecraft:netherrack":984,"minecraft:diamond_pickaxe":6,"minecraft:end_stone_bricks":1,"minecraft:crafting_table":4,"minecraft:chicken":5,"minecraft:nether_wart":34,"minecraft:brown_mushroom":3,"minecraft:wooden_pickaxe":2,"minecraft:dragon_head":3,"minecraft:purpur_block":1,"minecraft:cornflower":1,"minecraft:red_bed":3,"minecraft:elytra":3,"minecraft:flint_and_steel":1,"minecraft:blackstone":9,"minecraft:cracked_stone_bricks":1,"minecraft:beef":28,"minecraft:oak_boat":21,"minecraft:observer":2,"minecraft:poppy":21,"minecraft:light_gray_wool":2,"minecraft:spruce_slab":2,"minecraft:lectern":114,"minecraft:sugar_cane":118,"minecraft:chest":1,"minecraft:phantom_membrane":2,"minecraft:egg":8,"minecraft:raw_iron":152,"minecraft:end_stone":12,"minecraft:stone":1450,"minecraft:fire_charge":1,"minecraft:carrot":148,"minecraft:redstone":5,"minecraft:arrow":36,"minecraft:weeping_vines":1,"minecraft:diamond_chestplate":3,"minecraft:beetroot_seeds":1,"minecraft:nether_bricks":13,"minecraft:diamond_boots":3,"minecraft:gold_ingot":99,"minecraft:mutton":40,"minecraft:bone_block":257,"minecraft:white_wool":144,"minecraft:basalt":67,"minecraft:golden_carrot":2,"minecraft:glow_ink_sac":3,"minecraft:salmon":17,"minecraft:leather":30,"minecraft:oak_log":140,"minecraft:chainmail_chestplate":7,"minecraft:yellow_bed":6,"minecraft:gunpowder":112,"minecraft:cooked_mutton":7,"minecraft:stone_bricks":9,"minecraft:iron_ingot":109,"minecraft:stripped_oak_wood":1,"minecraft:soul_sand":6,"minecraft:book":320,"minecraft:oak_slab":1,"minecraft:sweet_berries":8,"minecraft:quartz":101,"minecraft:dandelion":6,"minecraft:gravel":84,"minecraft:spruce_sapling":430,"minecraft:blast_furnace":2,"minecraft:white_bed":4,"minecraft:spruce_log":4492,"minecraft:spider_eye":5,"minecraft:dragon_egg":1,"minecraft:firework_rocket":427,"minecraft:diamond_shovel":4,"minecraft:stone_axe":27,"minecraft:diamond_axe":5,"minecraft:gray_wool":1,"minecraft:warped_roots":12,"minecraft:black_wool":1,"minecraft:warped_nylium":4,"minecraft:coal":107,"minecraft:ender_pearl":24},"minecraft:used":{"minecraft:iron_shovel":131,"minecraft:dispenser":3,"minecraft:spruce_slab":7,"minecraft:elytra":32,"minecraft:poppy":3,"minecraft:diamond_hoe":1,"minecraft:stone":3,"minecraft:chest":7,"minecraft:shield":5,"minecraft:nether_wart":2,"minecraft:iron_sword":273,"minecraft:purple_shulker_box":4,"minecraft:bell":1,"minecraft:iron_chestplate":1,"minecraft:nether_bricks":5,"minecraft:carrot":114,"minecraft:tuff":20,"minecraft:obsidian":10,"minecraft:spruce_boat":1,"minecraft:lava_bucket":4,"minecraft:warped_nylium":4,"minecraft:iron_helmet":1,"minecraft:magma_block":2,"minecraft:bow":89,"minecraft:furnace":7,"minecraft:egg":8,"minecraft:golden_boots":2,"minecraft:diorite":2,"minecraft:stone_pickaxe":88,"minecraft:oak_planks":20,"minecraft:ender_pearl":7,"minecraft:wooden_pickaxe":15,"minecraft:sugar_cane":20,"minecraft:diamond_axe":4850,"minecraft:golden_apple":1,"minecraft:white_wool":7,"minecraft:blast_furnace":5,"minecraft:shears":168,"minecraft:end_stone":8,"minecraft:firework_rocket":183,"minecraft:bread":126,"minecraft:lectern":113,"minecraft:gravel":77,"minecraft:diamond_sword":412,"minecraft:grindstone":1,"minecraft:smithing_table":1,"minecraft:oak_fence":4,"minecraft:oak_boat":21,"minecraft:air":1,"minecraft:bone_meal":304,"minecraft:experience_bottle":26,"minecraft:enchanting_table":1,"minecraft:stone_sword":46,"minecraft:flint_and_steel":40,"minecraft:redstone":5,"minecraft:spruce_planks":2,"minecraft:ender_chest":3,"minecraft:netherrack":646,"minecraft:torch":45,"minecraft:dragon_egg":1,"minecraft:brewing_stand":3,"minecraft:dirt":254,"minecraft:anvil":2,"minecraft:twisting_vines":2,"minecraft:granite":14,"minecraft:bookshelf":2,"minecraft:iron_axe":86,"minecraft:iron_boots":2,"minecraft:diamond_chestplate":31,"minecraft:basalt":85,"minecraft:soul_soil":5,"minecraft:cooked_beef":44,"minecraft:cobbled_deepslate":30,"minecraft:observer":2,"minecraft:cooked_mutton":39,"minecraft:water_bucket":202,"minecraft:glass_bottle":8,"minecraft:stonecutter":1,"minecraft:fletching_table":12,"minecraft:cobblestone_slab":173,"minecraft:crafting_table":9,"minecraft:oak_slab":1,"minecraft:red_bed":4,"minecraft:white_bed":4,"minecraft:spruce_log":64,"minecraft:smoker":3,"minecraft:oak_log":1,"minecraft:ender_eye":22,"minecraft:diamond_pickaxe":2978,"minecraft:diamond_shovel":262,"minecraft:iron_pickaxe":523,"minecraft:spruce_sapling":213,"minecraft:stone_axe":78,"minecraft:fishing_rod":27,"minecraft:cobblestone":284,"minecraft:potion":5,"minecraft:cooked_porkchop":18,"minecraft:bucket":211,"minecraft:yellow_bed":6,"minecraft:dandelion":2,"minecraft:gray_wool":1},"minecraft:killed":{"minecraft:spider":7,"minecraft:shulker":1,"minecraft:skeleton":29,"minecraft:chicken":5,"minecraft:cat":1,"minecraft:magma_cube":18,"minecraft:piglin":10,"minecraft:pig":25,"minecraft:salmon":12,"minecraft:iron_golem":8,"minecraft:ender_dragon":1,"minecraft:creeper":51,"minecraft:sheep":25,"minecraft:trader_llama":4,"minecraft:zombie":34,"minecraft:blaze":14,"minecraft:cow":17,"minecraft:phantom":6,"minecraft:horse":1,"minecraft:drowned":2,"minecraft:wandering_trader":2,"minecraft:wither_skeleton":4,"minecraft:enderman":34},"minecraft:broken":{"minecraft:flint_and_steel":1},"minecraft:mined":{"minecraft:dragon_wall_head":1,"minecraft:spruce_planks":3,"minecraft:white_bed":4,"minecraft:farmland":11,"minecraft:brewing_stand":2,"minecraft:obsidian":23,"minecraft:granite":17,"minecraft:grass_block":221,"minecraft:soul_soil":5,"minecraft:oxeye_daisy":1,"minecraft:nether_wart":31,"minecraft:spawner":2,"minecraft:weeping_vines_plant":1,"minecraft:magma_block":12,"minecraft:iron_ore":98,"minecraft:cobbled_deepslate":5,"minecraft:fire":29,"minecraft:fletching_table":9,"minecraft:twisting_vines":3,"minecraft:dirt_path":3,"minecraft:oak_stairs":1,"minecraft:end_stone_bricks":1,"minecraft:spruce_slab":2,"minecraft:red_bed":3,"minecraft:blackstone":13,"minecraft:twisting_vines_plant":1,"minecraft:crimson_nylium":1,"minecraft:soul_fire":5,"minecraft:purpur_stairs":1,"minecraft:torch":15,"minecraft:blast_furnace":2,"minecraft:poppy":1,"minecraft:chest":1,"minecraft:nether_quartz_ore":76,"minecraft:cobblestone":55,"minecraft:oak_planks":5,"minecraft:sugar_cane":89,"minecraft:grindstone":1,"minecraft:iron_door":1,"minecraft:wall_torch":13,"minecraft:warped_nylium":40,"minecraft:yellow_wool":3,"minecraft:wheat":14,"minecraft:lilac":1,"minecraft:stripped_oak_wood":1,"minecraft:purpur_block":1,"minecraft:grass":135,"minecraft:oak_log":130,"minecraft:beetroots":2,"minecraft:sand":10,"minecraft:dirt":75,"minecraft:dispenser":3,"minecraft:netherrack":1072,"minecraft:oak_leaves":174,"minecraft:deepslate":29,"minecraft:tuff":21,"minecraft:dark_oak_leaves":2,"minecraft:deepslate_diamond_ore":16,"minecraft:end_stone":7,"minecraft:nether_bricks":13,"minecraft:redstone_wire":2,"minecraft:spruce_leaves":75,"minecraft:furnace":11,"minecraft:carrots":49,"minecraft:stripped_spruce_log":1,"minecraft:bell":1,"minecraft:bookshelf":100,"minecraft:potatoes":12,"minecraft:deepslate_iron_ore":7,"minecraft:stone":1824,"minecraft:bone_block":108,"minecraft:white_wool":8,"minecraft:ender_chest":2,"minecraft:soul_sand":6,"minecraft:basalt":73,"minecraft:observer":2,"minecraft:dandelion":6,"minecraft:oak_fence":3,"minecraft:crafting_table":4,"minecraft:cornflower":1,"minecraft:warped_roots":6,"minecraft:lectern":114,"minecraft:copper_ore":1,"minecraft:tall_grass":43,"minecraft:deepslate_coal_ore":2,"minecraft:lapis_ore":5,"minecraft:diorite":3,"minecraft:warped_wart_block":1,"minecraft:purple_bed":2,"minecraft:spruce_log":4392,"minecraft:birch_leaves":6,"minecraft:yellow_bed":6,"minecraft:coal_ore":19,"minecraft:end_rod":1,"minecraft:gravel":121,"minecraft:cobweb":9,"minecraft:purple_shulker_box":3,"minecraft:cracked_stone_bricks":1,"minecraft:stone_bricks":1},"minecraft:custom":{"minecraft:interact_with_crafting_table":106,"minecraft:open_shulker_box":13,"minecraft:bell_ring":67,"minecraft:leave_game":8,"minecraft:time_since_death":222699,"minecraft:sprint_one_cm":1903814,"minecraft:damage_blocked_by_shield":180,"minecraft:drop":211,"minecraft:talked_to_villager":463,"minecraft:play_time":826765,"minecraft:deaths":5,"minecraft:jump":18706,"minecraft:interact_with_brewingstand":10,"minecraft:walk_on_water_one_cm":129464,"minecraft:enchant_item":7,"minecraft:interact_with_furnace":86,"minecraft:traded_with_villager":1382,"minecraft:sleep_in_bed":23,"minecraft:open_enderchest":50,"minecraft:damage_dealt":65559,"minecraft:player_kills":1,"minecraft:crouch_one_cm":259443,"minecraft:interact_with_smoker":26,"minecraft:inspect_dispenser":1,"minecraft:horse_one_cm":141660,"minecraft:interact_with_smithing_table":1,"minecraft:interact_with_anvil":43,"minecraft:mob_kills":316,"minecraft:climb_one_cm":8845,"minecraft:walk_one_cm":1523640,"minecraft:sneak_time":81011,"minecraft:walk_under_water_one_cm":69121,"minecraft:boat_one_cm":126913,"minecraft:interact_with_blast_furnace":21,"minecraft:total_world_time":826765,"minecraft:interact_with_grindstone":1,"minecraft:interact_with_stonecutter":2,"minecraft:time_since_rest":35668,"minecraft:damage_absorbed":40,"minecraft:damage_taken":14063,"minecraft:swim_one_cm":286852,"minecraft:fly_one_cm":4752398,"minecraft:open_chest":563,"minecraft:aviate_one_cm":4023360,"minecraft:fall_one_cm":487865}},"DataVersion":3465}