{"stats":{"minecraft:crafted":{"minecraft:smooth_stone":9,"minecraft:oak_planks":624,"minecraft:cobblestone_slab":408,"minecraft:blaze_powder":18,"minecraft:cooked_chicken":5,"minecraft:stone":15,"minecraft:diamond_shovel":1,"minecraft:bookshelf":5,"minecraft:shulker_box":1,"minecraft:cooked_mutton":32,"minecraft:glass":26,"minecraft:hopper":9,"minecraft:diamond_helmet":2,"minecraft:diamond_leggings":1,"minecraft:bow":5,"minecraft:iron_boots":14,"minecraft:netherite_boots":3,"minecraft:chest":30,"minecraft:netherite_helmet":3,"minecraft:netherite_upgrade_smithing_template":14,"minecraft:rail":192,"minecraft:ender_eye":10,"minecraft:stone_bricks":1505,"minecraft:name_tag":9,"minecraft:golden_boots":2,"minecraft:smoker":3,"minecraft:dropper":1,"minecraft:glass_bottle":21,"minecraft:oak_slab":6,"minecraft:arrow":384,"minecraft:emerald":1264,"minecraft:cooked_porkchop":47,"minecraft:diamond_axe":3,"minecraft:crafting_table":5,"minecraft:spruce_planks":18488,"minecraft:wooden_pickaxe":1,"minecraft:iron_helmet":1,"minecraft:snout_armor_trim_smithing_template":14,"minecraft:smithing_table":1,"minecraft:chainmail_chestplate":8,"minecraft:fletching_table":4,"minecraft:brewing_stand":1,"minecraft:campfire":12,"minecraft:tropical_fish_bucket":1,"minecraft:dispenser":3,"minecraft:lectern":3,"minecraft:iron_chestplate":2,"minecraft:paper":126,"minecraft:charcoal":2,"minecraft:diamond_pickaxe":4,"minecraft:purple_dye":2,"minecraft:shield":2,"minecraft:stick":37349,"minecraft:stone_slab":6,"minecraft:iron_ingot":276,"minecraft:iron_pickaxe":2,"minecraft:iron_block":6,"minecraft:stone_sword":1,"minecraft:gold_ingot":99,"minecraft:redstone_torch":46,"minecraft:netherite_ingot":13,"minecraft:shears":3,"minecraft:golden_carrot":36,"minecraft:redstone":76,"minecraft:fishing_rod":1,"minecraft:smooth_stone_slab":6,"minecraft:netherite_sword":1,"minecraft:diamond_hoe":1,"minecraft:experience_bottle":34,"minecraft:furnace":3,"minecraft:blast_furnace":3,"minecraft:bone_meal":714,"minecraft:white_carpet":150,"minecraft:oak_trapdoor":14,"minecraft:flint_and_steel":3,"minecraft:netherite_chestplate":1,"minecraft:netherite_leggings":3,"minecraft:iron_axe":12,"minecraft:spruce_wood":186,"minecraft:ladder":75,"minecraft:spruce_slab":18,"minecraft:ender_pearl":5,"minecraft:stone_pickaxe":3,"minecraft:diamond_boots":2,"minecraft:eye_armor_trim_smithing_template":2,"minecraft:spruce_boat":1,"minecraft:netherite_scrap":51,"minecraft:minecart":4,"minecraft:observer":1,"minecraft:cooked_beef":39,"minecraft:red_dye":2,"minecraft:bone_block":22,"minecraft:netherite_pickaxe":1,"minecraft:diamond_sword":2,"minecraft:enchanting_table":1,"minecraft:powered_rail":60,"minecraft:purple_shulker_box":1,"minecraft:activator_rail":36,"minecraft:iron_sword":2,"minecraft:red_bed":1,"minecraft:bucket":4,"minecraft:stone_axe":11,"minecraft:glowstone":8,"minecraft:enchanted_book":35,"minecraft:air":0,"minecraft:bread":612,"minecraft:blue_dye":1,"minecraft:oak_boat":1,"minecraft:chainmail_boots":12,"minecraft:netherite_shovel":1,"minecraft:iron_shovel":1,"minecraft:iron_leggings":2,"minecraft:stonecutter":1,"minecraft:anvil":2,"minecraft:white_bed":2,"minecraft:torch":32,"minecraft:lapis_lazuli":12,"minecraft:diamond_chestplate":1,"minecraft:firework_rocket":417,"minecraft:ender_chest":1},"minecraft:killed_by":{"minecraft:creeper":1,"minecraft:iron_golem":1},"minecraft:dropped":{"minecraft:iron_sword":1,"minecraft:diamond_axe":4,"minecraft:oak_log":10,"minecraft:ender_pearl":5287,"minecraft:glass_bottle":5,"minecraft:diamond":54,"minecraft:netherite_upgrade_smithing_template":1,"minecraft:leather":22,"minecraft:rail":16,"minecraft:emerald":6,"minecraft:flint":6,"minecraft:dirt":194,"minecraft:bone_meal":50,"minecraft:bone_block":40,"minecraft:gold_ingot":71,"minecraft:bone":34,"minecraft:oak_door":2,"minecraft:gravel":39,"minecraft:stone_axe":37,"minecraft:sugar_cane":3,"minecraft:ancient_debris":2,"minecraft:cooked_chicken":5,"minecraft:cobbled_deepslate":182,"minecraft:wheat":1,"minecraft:rotten_flesh":61,"minecraft:diamond_shovel":2,"minecraft:end_stone":2,"minecraft:blaze_powder":1,"minecraft:salmon":6,"minecraft:carrot":38,"minecraft:chainmail_chestplate":16,"minecraft:poppy":3,"minecraft:gunpowder":30,"minecraft:charcoal":8,"minecraft:chainmail_boots":12,"minecraft:ladder":5,"minecraft:basalt":28,"minecraft:arrow":35,"minecraft:quartz":20,"minecraft:oak_leaves":6,"minecraft:netherrack":10,"minecraft:firework_rocket":241,"minecraft:water_bucket":1,"minecraft:enchanted_book":6,"minecraft:golden_boots":1,"minecraft:iron_ingot":41,"minecraft:bread":42,"minecraft:wheat_seeds":15,"minecraft:minecart":1,"minecraft:diamond_leggings":1,"minecraft:iron_helmet":1,"minecraft:cobblestone":14,"minecraft:book":20,"minecraft:purple_dye":3,"minecraft:coal":22,"minecraft:stick":18,"minecraft:golden_carrot":2,"minecraft:torch":1,"minecraft:lodestone":1,"minecraft:iron_door":2,"minecraft:diamond_helmet":1,"minecraft:potion":1,"minecraft:oak_stairs":1,"minecraft:iron_axe":11,"minecraft:string":22,"minecraft:pink_petals":1,"minecraft:bucket":2,"minecraft:spruce_sapling":110,"minecraft:sweet_berries":1,"minecraft:oak_trapdoor":4,"minecraft:dragon_head":1,"minecraft:nether_wart":3,"minecraft:blaze_rod":9,"minecraft:raw_iron":1,"minecraft:white_carpet":6,"minecraft:iron_boots":12,"minecraft:name_tag":3,"minecraft:shears":1,"minecraft:flint_and_steel":5,"minecraft:filled_map":1,"minecraft:diamond_sword":1,"minecraft:cobblestone_slab":8,"minecraft:spruce_boat":2,"minecraft:diamond_chestplate":1,"minecraft:diamond_pickaxe":5,"minecraft:oak_sapling":1,"minecraft:stone_bricks":13,"minecraft:spider_eye":1,"minecraft:diamond_boots":2,"minecraft:spruce_log":128,"minecraft:purple_shulker_box":1,"minecraft:stone_pickaxe":1,"minecraft:magma_block":4,"minecraft:white_stained_glass":1},"minecraft:picked_up":{"minecraft:shulker_shell":1,"minecraft:wheat":5,"minecraft:redstone_block":12,"minecraft:ender_chest":6,"minecraft:yellow_wool":3,"minecraft:lead":11,"minecraft:diamond_sword":3,"minecraft:oak_stairs":3,"minecraft:enchanted_book":6,"minecraft:potion":3,"minecraft:gilded_blackstone":2,"minecraft:purple_shulker_box":6,"minecraft:brewing_stand":2,"minecraft:golden_sword":2,"minecraft:polished_blackstone_brick_stairs":1,"minecraft:string":72,"minecraft:soul_soil":5,"minecraft:raw_copper":3,"minecraft:activator_rail":36,"minecraft:diamond_leggings":3,"minecraft:smooth_stone":3,"minecraft:red_sand":4,"minecraft:gold_nugget":62,"minecraft:cobbled_deepslate":638,"minecraft:bucket":2,"minecraft:spruce_planks":86,"minecraft:redstone_torch":44,"minecraft:cobblestone_slab":9,"minecraft:ender_eye":13,"minecraft:netherite_upgrade_smithing_template":1,"minecraft:furnace":12,"minecraft:stick":223,"minecraft:oak_fence":15,"minecraft:torch":110,"minecraft:porkchop":52,"minecraft:netherite_shovel":1,"minecraft:diorite":70,"minecraft:rotten_flesh":148,"minecraft:glowstone":8,"minecraft:end_rod":1,"minecraft:netherite_chestplate":1,"minecraft:blaze_rod":27,"minecraft:obsidian":40,"minecraft:iron_bars":1,"minecraft:cobblestone":808,"minecraft:blaze_powder":1,"minecraft:pink_petals":5,"minecraft:magma_block":15,"minecraft:leather_chestplate":1,"minecraft:feather":6,"minecraft:lilac":1,"minecraft:cooked_beef":5,"minecraft:magma_cream":21,"minecraft:water_bucket":3,"minecraft:iron_door":2,"minecraft:andesite":22,"minecraft:potato":33,"minecraft:smoker":1,"minecraft:flint":29,"minecraft:tuff":120,"minecraft:wither_skeleton_skull":1,"minecraft:netherite_leggings":1,"minecraft:lapis_lazuli":178,"minecraft:dirt":989,"minecraft:lantern":1,"minecraft:name_tag":1,"minecraft:twisting_vines":3,"minecraft:leather_boots":1,"minecraft:bone":153,"minecraft:bow":4,"minecraft:wheat_seeds":110,"minecraft:raw_gold":3,"minecraft:bell":3,"minecraft:grindstone":1,"minecraft:netherite_axe":1,"minecraft:diamond_helmet":3,"minecraft:fletching_table":10,"minecraft:bamboo":3,"minecraft:powered_rail":250,"minecraft:oak_planks":27,"minecraft:ghast_tear":1,"minecraft:music_disc_13":1,"minecraft:warped_wart_block":1,"minecraft:dropper":1,"minecraft:sand":50,"minecraft:stripped_spruce_log":1,"minecraft:mossy_cobblestone":23,"minecraft:deepslate":9,"minecraft:dispenser":6,"minecraft:diamond":264,"minecraft:spruce_boat":4,"minecraft:netherite_helmet":1,"minecraft:cracked_polished_blackstone_bricks":2,"minecraft:crossbow":3,"minecraft:granite":35,"minecraft:grass":98,"minecraft:bone_meal":53,"minecraft:golden_apple":4,"minecraft:bread":180,"minecraft:emerald":220,"minecraft:piglin_banner_pattern":1,"minecraft:oak_sapling":3,"minecraft:netherrack":2093,"minecraft:charcoal":8,"minecraft:oak_leaves":168,"minecraft:diamond_pickaxe":7,"minecraft:end_stone_bricks":1,"minecraft:fishing_rod":2,"minecraft:crafting_table":6,"minecraft:bee_nest":1,"minecraft:ladder":28,"minecraft:chicken":5,"minecraft:nether_wart":223,"minecraft:brown_mushroom":3,"minecraft:wooden_pickaxe":2,"minecraft:gold_block":28,"minecraft:dragon_head":5,"minecraft:purpur_block":1,"minecraft:cornflower":1,"minecraft:oak_trapdoor":3,"minecraft:red_bed":3,"minecraft:elytra":4,"minecraft:flint_and_steel":3,"minecraft:snow":1,"minecraft:white_stained_glass":131,"minecraft:white_carpet":5,"minecraft:blackstone":127,"minecraft:cracked_stone_bricks":1,"minecraft:netherite_sword":1,"minecraft:beef":28,"minecraft:oak_boat":21,"minecraft:observer":3,"minecraft:poppy":37,"minecraft:light_gray_wool":2,"minecraft:spruce_slab":2,"minecraft:lectern":115,"minecraft:minecart":18,"minecraft:sugar_cane":153,"minecraft:chest":2,"minecraft:egg":10,"minecraft:phantom_membrane":2,"minecraft:raw_iron":155,"minecraft:end_stone":12,"minecraft:stone":1701,"minecraft:oak_door":2,"minecraft:fire_charge":3,"minecraft:polished_blackstone_bricks":1,"minecraft:carrot":192,"minecraft:redstone":18,"minecraft:netherite_pickaxe":1,"minecraft:arrow":77,"minecraft:weeping_vines":1,"minecraft:diamond_chestplate":3,"minecraft:beetroot_seeds":1,"minecraft:nether_bricks":14,"minecraft:diamond_boots":4,"minecraft:deepslate_bricks":22,"minecraft:saddle":1,"minecraft:gold_ingot":159,"minecraft:mutton":40,"minecraft:white_wool":144,"minecraft:bone_block":257,"minecraft:rail":317,"minecraft:emerald_ore":2,"minecraft:netherite_boots":1,"minecraft:purple_dye":3,"minecraft:basalt":254,"minecraft:golden_carrot":2,"minecraft:glow_ink_sac":3,"minecraft:salmon":22,"minecraft:leather":70,"minecraft:red_mushroom":1,"minecraft:oak_log":264,"minecraft:chainmail_chestplate":8,"minecraft:ancient_debris":51,"minecraft:yellow_bed":17,"minecraft:gunpowder":141,"minecraft:cobblestone_stairs":18,"minecraft:paper":72,"minecraft:white_banner":2,"minecraft:cooked_mutton":7,"minecraft:stone_bricks":92,"minecraft:iron_ingot":131,"minecraft:stripped_oak_wood":1,"minecraft:soul_sand":29,"minecraft:book":320,"minecraft:oak_slab":1,"minecraft:nether_quartz_ore":7,"minecraft:sweet_berries":8,"minecraft:quartz":162,"minecraft:dandelion":6,"minecraft:gravel":168,"minecraft:spruce_sapling":537,"minecraft:blast_furnace":2,"minecraft:white_bed":19,"minecraft:spruce_log":4919,"minecraft:spider_eye":28,"minecraft:dragon_egg":1,"minecraft:leather_helmet":1,"minecraft:firework_rocket":573,"minecraft:diamond_shovel":4,"minecraft:campfire":13,"minecraft:stone_axe":27,"minecraft:diamond_axe":5,"minecraft:gray_wool":1,"minecraft:warped_roots":12,"minecraft:lodestone":2,"minecraft:black_wool":1,"minecraft:warped_nylium":4,"minecraft:coal":135,"minecraft:ender_pearl":3897},"minecraft:used":{"minecraft:iron_shovel":131,"minecraft:dispenser":3,"minecraft:elytra":67,"minecraft:spruce_slab":7,"minecraft:ladder":15,"minecraft:poppy":6,"minecraft:diamond_hoe":1,"minecraft:shield":5,"minecraft:chest":23,"minecraft:nether_wart":8,"minecraft:iron_sword":273,"minecraft:stone":73,"minecraft:purple_shulker_box":6,"minecraft:bell":1,"minecraft:grass":21,"minecraft:iron_chestplate":1,"minecraft:nether_bricks":6,"minecraft:carrot":127,"minecraft:tuff":20,"minecraft:obsidian":10,"minecraft:spruce_boat":3,"minecraft:glass":1,"minecraft:lava_bucket":6,"minecraft:netherite_shovel":25,"minecraft:grass_block":9,"minecraft:lantern":4,"minecraft:warped_nylium":4,"minecraft:iron_helmet":1,"minecraft:stone_bricks":1540,"minecraft:magma_block":2,"minecraft:bow":94,"minecraft:furnace":7,"minecraft:egg":9,"minecraft:emerald_ore":1,"minecraft:diorite":53,"minecraft:golden_boots":2,"minecraft:oak_planks":26,"minecraft:stone_pickaxe":88,"minecraft:powered_rail":123,"minecraft:ender_pearl":60,"minecraft:wooden_pickaxe":15,"minecraft:sugar_cane":20,"minecraft:diamond_axe":5442,"minecraft:golden_apple":3,"minecraft:white_wool":7,"minecraft:oak_leaves":165,"minecraft:blast_furnace":5,"minecraft:end_stone":8,"minecraft:shears":203,"minecraft:redstone_torch":47,"minecraft:firework_rocket":467,"minecraft:bread":291,"minecraft:lectern":113,"minecraft:gravel":77,"minecraft:andesite":22,"minecraft:oak_fence":4,"minecraft:diamond_sword":1170,"minecraft:air":3,"minecraft:oak_trapdoor":11,"minecraft:oak_boat":21,"minecraft:white_stained_glass":39,"minecraft:grindstone":1,"minecraft:bone_meal":379,"minecraft:smithing_table":1,"minecraft:experience_bottle":26,"minecraft:netherite_sword":56,"minecraft:iron_bars":1,"minecraft:enchanting_table":1,"minecraft:stone_sword":46,"minecraft:flint_and_steel":59,"minecraft:redstone":5,"minecraft:spruce_planks":2,"minecraft:ender_chest":7,"minecraft:netherrack":980,"minecraft:torch":48,"minecraft:dragon_egg":1,"minecraft:brewing_stand":3,"minecraft:dirt":620,"minecraft:anvil":2,"minecraft:white_carpet":127,"minecraft:hopper":9,"minecraft:nether_quartz_ore":7,"minecraft:twisting_vines":2,"minecraft:granite":15,"minecraft:bookshelf":2,"minecraft:iron_axe":86,"minecraft:iron_boots":2,"minecraft:diamond_chestplate":60,"minecraft:basalt":129,"minecraft:soul_soil":5,"minecraft:netherite_pickaxe":698,"minecraft:minecart":11,"minecraft:cooked_beef":44,"minecraft:observer":2,"minecraft:cobbled_deepslate":37,"minecraft:cooked_mutton":39,"minecraft:water_bucket":218,"minecraft:glass_bottle":25,"minecraft:netherite_chestplate":5,"minecraft:cobblestone_slab":173,"minecraft:fletching_table":14,"minecraft:stonecutter":1,"minecraft:rail":268,"minecraft:crafting_table":9,"minecraft:oak_slab":1,"minecraft:red_bed":4,"minecraft:white_bed":18,"minecraft:campfire":18,"minecraft:spruce_log":75,"minecraft:smoker":3,"minecraft:oak_log":18,"minecraft:ender_eye":22,"minecraft:activator_rail":15,"minecraft:diamond_pickaxe":8935,"minecraft:diamond_shovel":1081,"minecraft:iron_pickaxe":523,"minecraft:spruce_sapling":241,"minecraft:stone_axe":78,"minecraft:pink_petals":4,"minecraft:fishing_rod":27,"minecraft:cobblestone":303,"minecraft:potion":12,"minecraft:bucket":231,"minecraft:cooked_porkchop":18,"minecraft:yellow_bed":17,"minecraft:dandelion":2,"minecraft:gray_wool":1},"minecraft:killed":{"minecraft:spider":22,"minecraft:shulker":1,"minecraft:skeleton":38,"minecraft:chicken":5,"minecraft:piglin_brute":3,"minecraft:cat":1,"minecraft:magma_cube":22,"minecraft:piglin":23,"minecraft:pig":25,"minecraft:salmon":12,"minecraft:iron_golem":14,"minecraft:ender_dragon":1,"minecraft:creeper":67,"minecraft:sheep":25,"minecraft:trader_llama":4,"minecraft:pillager":12,"minecraft:zombie":55,"minecraft:ghast":1,"minecraft:blaze":14,"minecraft:cow":17,"minecraft:vindicator":1,"minecraft:phantom":6,"minecraft:horse":1,"minecraft:drowned":2,"minecraft:bat":1,"minecraft:wandering_trader":2,"minecraft:ravager":1,"minecraft:wither_skeleton":4,"minecraft:villager":2,"minecraft:enderman":3534},"minecraft:broken":{"minecraft:flint_and_steel":1},"minecraft:mined":{"minecraft:dragon_wall_head":1,"minecraft:spruce_planks":3,"minecraft:white_bed":18,"minecraft:farmland":11,"minecraft:brewing_stand":2,"minecraft:obsidian":23,"minecraft:granite":30,"minecraft:grass_block":430,"minecraft:cracked_polished_blackstone_bricks":2,"minecraft:soul_soil":5,"minecraft:oxeye_daisy":1,"minecraft:nether_wart":37,"minecraft:spawner":4,"minecraft:polished_blackstone_bricks":1,"minecraft:weeping_vines_plant":1,"minecraft:magma_block":34,"minecraft:iron_ore":98,"minecraft:fire":30,"minecraft:cobbled_deepslate":7,"minecraft:fletching_table":10,"minecraft:twisting_vines":3,"minecraft:dirt_path":3,"minecraft:oak_stairs":3,"minecraft:iron_bars":1,"minecraft:end_stone_bricks":1,"minecraft:spruce_slab":2,"minecraft:red_bed":3,"minecraft:blackstone":164,"minecraft:twisting_vines_plant":1,"minecraft:crimson_nylium":1,"minecraft:soul_fire":5,"minecraft:purpur_stairs":1,"minecraft:torch":15,"minecraft:blast_furnace":2,"minecraft:poppy":1,"minecraft:chest":2,"minecraft:glass":1,"minecraft:nether_quartz_ore":184,"minecraft:cobblestone":66,"minecraft:oak_planks":7,"minecraft:sugar_cane":89,"minecraft:grindstone":1,"minecraft:iron_door":1,"minecraft:wall_torch":13,"minecraft:pink_petals":1,"minecraft:warped_nylium":40,"minecraft:powered_rail":27,"minecraft:wheat":15,"minecraft:yellow_wool":3,"minecraft:lilac":1,"minecraft:activator_rail":14,"minecraft:stripped_oak_wood":1,"minecraft:purpur_block":1,"minecraft:smooth_stone_slab":2,"minecraft:grass":224,"minecraft:oak_log":255,"minecraft:beetroots":2,"minecraft:sand":10,"minecraft:dirt":475,"minecraft:dispenser":3,"minecraft:ancient_debris":49,"minecraft:netherrack":5457,"minecraft:deepslate":597,"minecraft:oak_leaves":209,"minecraft:nether_gold_ore":7,"minecraft:diamond_ore":11,"minecraft:tuff":123,"minecraft:dark_oak_leaves":2,"minecraft:deepslate_diamond_ore":104,"minecraft:end_stone":7,"minecraft:nether_bricks":13,"minecraft:ladder":7,"minecraft:white_stained_glass":62,"minecraft:redstone_wire":2,"minecraft:spruce_leaves":76,"minecraft:oak_trapdoor":3,"minecraft:furnace":11,"minecraft:carrots":61,"minecraft:andesite":22,"minecraft:stripped_spruce_log":1,"minecraft:gold_block":32,"minecraft:bell":1,"minecraft:bookshelf":100,"minecraft:potatoes":12,"minecraft:deepslate_iron_ore":8,"minecraft:rail":89,"minecraft:stone":2294,"minecraft:bone_block":108,"minecraft:ender_chest":5,"minecraft:white_wool":8,"minecraft:redstone_wall_torch":1,"minecraft:soul_sand":18,"minecraft:basalt":236,"minecraft:observer":2,"minecraft:dandelion":6,"minecraft:oak_fence":3,"minecraft:crafting_table":4,"minecraft:cornflower":1,"minecraft:warped_roots":6,"minecraft:campfire":4,"minecraft:lectern":114,"minecraft:copper_ore":1,"minecraft:tall_grass":80,"minecraft:deepslate_gold_ore":1,"minecraft:deepslate_coal_ore":2,"minecraft:lapis_ore":5,"minecraft:polished_blackstone_brick_stairs":1,"minecraft:sculk":5,"minecraft:diorite":71,"minecraft:warped_wart_block":1,"minecraft:purple_bed":2,"minecraft:redstone_torch":14,"minecraft:white_carpet":5,"minecraft:spruce_log":4823,"minecraft:birch_leaves":6,"minecraft:yellow_bed":17,"minecraft:coal_ore":30,"minecraft:end_rod":1,"minecraft:gravel":435,"minecraft:cobweb":9,"minecraft:purple_shulker_box":5,"minecraft:cracked_stone_bricks":1,"minecraft:stone_bricks":135},"minecraft:custom":{"minecraft:interact_with_crafting_table":161,"minecraft:open_shulker_box":33,"minecraft:bell_ring":67,"minecraft:leave_game":14,"minecraft:time_since_death":22315,"minecraft:sprint_one_cm":2485429,"minecraft:damage_blocked_by_shield":180,"minecraft:drop":657,"minecraft:talked_to_villager":562,"minecraft:play_time":1373071,"minecraft:deaths":6,"minecraft:jump":23962,"minecraft:interact_with_brewingstand":16,"minecraft:walk_on_water_one_cm":171017,"minecraft:enchant_item":7,"minecraft:interact_with_furnace":86,"minecraft:traded_with_villager":1586,"minecraft:sleep_in_bed":27,"minecraft:open_enderchest":102,"minecraft:damage_dealt":97761,"minecraft:player_kills":1,"minecraft:crouch_one_cm":727567,"minecraft:interact_with_smithing_table":10,"minecraft:inspect_dispenser":1,"minecraft:horse_one_cm":141660,"minecraft:interact_with_smoker":27,"minecraft:interact_with_anvil":58,"minecraft:mob_kills":3929,"minecraft:inspect_hopper":12,"minecraft:climb_one_cm":22937,"minecraft:walk_one_cm":2468063,"minecraft:raid_win":1,"minecraft:sneak_time":224388,"minecraft:walk_under_water_one_cm":86269,"minecraft:boat_one_cm":137630,"minecraft:interact_with_blast_furnace":63,"minecraft:total_world_time":1373071,"minecraft:raid_trigger":1,"minecraft:interact_with_grindstone":1,"minecraft:interact_with_stonecutter":4,"minecraft:time_since_rest":18752,"minecraft:damage_absorbed":80,"minecraft:damage_taken":21047,"minecraft:minecart_one_cm":55069,"minecraft:swim_one_cm":316085,"minecraft:fly_one_cm":5890505,"minecraft:open_chest":1109,"minecraft:aviate_one_cm":10933618,"minecraft:fall_one_cm":614096}},"DataVersion":3465}